/*
Navicat MySQL Data Transfer

Source Server         : 红叶测试
Source Server Version : 50134
Source Host           : 116.62.47.139:3306
Source Database       : fkx

Target Server Type    : MYSQL
Target Server Version : 50134
File Encoding         : 65001

Date: 2017-12-14 13:09:51
*/

SET FOREIGN_KEY_CHECKS=0;

-- ----------------------------
-- Table structure for ad
-- ----------------------------
DROP TABLE IF EXISTS `ad`;
CREATE TABLE `ad` (
  `id` int(11) NOT NULL AUTO_INCREMENT,
  `title` varchar(255) NOT NULL COMMENT '标题',
  `time` int(11) NOT NULL COMMENT '时间',
  `status` tinyint(4) DEFAULT '1' COMMENT '状态1正常2下线',
  `pic` varchar(255) DEFAULT NULL COMMENT '图片',
  `url` varchar(255) DEFAULT NULL COMMENT 'url',
  `positions` varchar(25) DEFAULT NULL COMMENT '位置',
  `sort` int(11) DEFAULT '0' COMMENT '排序',
  PRIMARY KEY (`id`)
) ENGINE=InnoDB AUTO_INCREMENT=17 DEFAULT CHARSET=utf8 COMMENT='广告';

-- ----------------------------
-- Records of ad
-- ----------------------------
INSERT INTO `ad` VALUES ('13', '首页轮播图', '0', '2', '/uploads/type/2017-12-13/5a3140e93800a.png', '', 'index', '1');
INSERT INTO `ad` VALUES ('14', '首页轮播2', '0', '2', '/uploads/type/2017-12-13/5a3140f5a13a1.png', '', 'index', '2');
INSERT INTO `ad` VALUES ('16', '轮播图3', '0', '2', '/uploads/type/2017-12-13/5a314135408c2.png', '', 'index', '3');

-- ----------------------------
-- Table structure for citys
-- ----------------------------
DROP TABLE IF EXISTS `citys`;
CREATE TABLE `citys` (
  `id` int(11) NOT NULL AUTO_INCREMENT,
  `pid` int(11) DEFAULT '0' COMMENT '0',
  `city_name` varchar(30) DEFAULT NULL,
  `is_del` tinyint(1) DEFAULT '0',
  `sort` int(1) DEFAULT '0',
  PRIMARY KEY (`id`)
) ENGINE=InnoDB AUTO_INCREMENT=22 DEFAULT CHARSET=utf8 COMMENT='城市列表';

-- ----------------------------
-- Records of citys
-- ----------------------------
INSERT INTO `citys` VALUES ('1', null, '厦门', '1', '1');
INSERT INTO `citys` VALUES ('2', '1', '集美', '1', '2');
INSERT INTO `citys` VALUES ('3', '1', '思明区', '1', '1');
INSERT INTO `citys` VALUES ('4', '0', '北京', '1', '1');
INSERT INTO `citys` VALUES ('5', '0', '厦门', '1', '1');
INSERT INTO `citys` VALUES ('6', '0', '西安', '1', '1');
INSERT INTO `citys` VALUES ('7', '0', '西藏', '1', '1');
INSERT INTO `citys` VALUES ('8', null, '厦门', '1', '1');
INSERT INTO `citys` VALUES ('9', '0', '厦门市', '0', '1');
INSERT INTO `citys` VALUES ('10', '9', '思明区', '0', '1');
INSERT INTO `citys` VALUES ('11', '9', '湖里区', '0', '2');
INSERT INTO `citys` VALUES ('12', '9', '海沧区', '0', '3');
INSERT INTO `citys` VALUES ('13', '9', '集美区', '0', '4');
INSERT INTO `citys` VALUES ('14', '0', '同安区', '1', '5');
INSERT INTO `citys` VALUES ('15', '0', '同安区', '1', '5');
INSERT INTO `citys` VALUES ('16', '9', '同安区', '0', '5');
INSERT INTO `citys` VALUES ('17', '9', '翔安区', '0', '6');
INSERT INTO `citys` VALUES ('18', '0', '漳州市', '0', '2');
INSERT INTO `citys` VALUES ('19', '18', '漳州港', '0', '1');
INSERT INTO `citys` VALUES ('20', '18', '角美区', '0', '2');
INSERT INTO `citys` VALUES ('21', '18', '长泰区（马洋溪版块）', '0', '3');

-- ----------------------------
-- Table structure for commission
-- ----------------------------
DROP TABLE IF EXISTS `commission`;
CREATE TABLE `commission` (
  `id` int(11) NOT NULL AUTO_INCREMENT,
  `loupan_id` int(11) DEFAULT NULL,
  `contents` text,
  `des` varchar(255) DEFAULT NULL,
  PRIMARY KEY (`id`)
) ENGINE=InnoDB AUTO_INCREMENT=24 DEFAULT CHARSET=utf8 COMMENT='佣金规则';

-- ----------------------------
-- Records of commission
-- ----------------------------
INSERT INTO `commission` VALUES ('2', '2', 'ffffddd', 'fffdd');
INSERT INTO `commission` VALUES ('3', '4', '前期佣金：10%，平台测试平台测试平台测试平台测试;\r\n后期佣金：3%，平台测试平台测试平台测试平台测试平台测试平台测试平台测试平台测试平台测试平台测试平台测试。;\r\n同期奖金：100000（十万）;', '推荐客户，购房有佣金，推荐客户，购房有佣金推荐客户，购房有佣金');
INSERT INTO `commission` VALUES ('4', '7', '地址：漳州港。;\n佣金：15%;\n总佣金：20万;\n同期奖金：80万;', '分享得佣金分享得佣金分享得佣金分享得佣金分享得佣金分享得佣金分享得佣金分享得佣金分享得佣金分享得佣金');
INSERT INTO `commission` VALUES ('10', '8', '合作拿佣金。;\n这个佣金，可得10%；;', '合作拿佣金。;\n这个佣金，可得10%；');
INSERT INTO `commission` VALUES ('12', '1', '地址：漳州港。;\r\n佣金：15%;\r\n总佣金：20万;\r\n同期奖金：80万;\r\n地址：漳州港。;\r\n佣金：15%;\r\n总佣金：20万;\r\n同期奖金：80万;地址：漳州港。;\r\n佣金：15%;\r\n总佣金：20万;\r\n同期奖金：80万;地址：漳州港。;\r\n佣金：15%;\r\n总佣金：20万;\r\n同期奖金：80万;', '平台测试平台测试平台测试平台测试平台测试平台测试');
INSERT INTO `commission` VALUES ('16', '10', '推荐客户拿分拥', '2.5%');
INSERT INTO `commission` VALUES ('17', '11', '分拥拿佣金', '0.6%');
INSERT INTO `commission` VALUES ('18', '12', '导客分拥', '1.5%');
INSERT INTO `commission` VALUES ('19', '14', '转介得佣金厦门明发海湾度假村位于福建省厦门市湖里区沿海景观带五缘湾桥南侧，环湾路以西，距厦门国际机场行车不超过五分钟，靠近厦门国际会议展览中心、厦门剧院、厦门观音山国际商务运营中心及香山国际游艇码头。本度假村计划建成一座五星级酒店30幢配有会议、住宿、休闲及娱乐设施的联排别墅单位，大部份酒店房间均拥有全海景，将成为厦门地标发展项目之一。', '2.5%');
INSERT INTO `commission` VALUES ('20', '13', '', '3万一套');
INSERT INTO `commission` VALUES ('21', '15', '按揭0.8%/套;\n杜甫能动克劳福德考;虑到时空裂缝角度看来份经典;开始了交房地块练三房;的世联\n第三行;', '按揭0.8%/套;杜甫能动克劳福;德考虑到时空裂;缝角度看来份经典开;始了交房地块练;三房的世联\n一次性1%/套;\n换行;');
INSERT INTO `commission` VALUES ('22', '16', '这是第一行；;\r\n这是二行；;\r\n这是第三行；;', '这是第一行；;\r\n这是二行；;\r\n这是第三行；;');
INSERT INTO `commission` VALUES ('23', '17', '1.金都·海尚国际坐落于环东海域;2.项目总建筑面积近50万㎡;3 .8幢120-150米超高层建筑犹如千帆并举在海岸线上依次排开;4.横向流线线条及曲线处理，使建筑立面与城市天际线融为一体。', '80平以下 0.25%(1-5) ;0.4%（6-10）; 0.6%（11以上）;\n180平以上：0.7%在售户型：住宅：小户型：120-130㎡大户型：195-268㎡\n\n产品均价:36000元/㎡\n');

-- ----------------------------
-- Table structure for cooperation
-- ----------------------------
DROP TABLE IF EXISTS `cooperation`;
CREATE TABLE `cooperation` (
  `id` int(11) NOT NULL AUTO_INCREMENT,
  `loupan_id` int(11) DEFAULT NULL,
  `contents` text,
  `des` varchar(255) DEFAULT NULL,
  PRIMARY KEY (`id`)
) ENGINE=InnoDB AUTO_INCREMENT=16 DEFAULT CHARSET=utf8 COMMENT='合作规则';

-- ----------------------------
-- Records of cooperation
-- ----------------------------
INSERT INTO `cooperation` VALUES ('2', '1', '发发发 滚滚滚', '从表表v');
INSERT INTO `cooperation` VALUES ('3', '6', '地址：漳州港。;\n佣金：15%;\n总佣金：20万:', '这个好楼盘。\r\n平台测试\r\n平台测试\r\n平台测试');
INSERT INTO `cooperation` VALUES ('4', '6', '', '');
INSERT INTO `cooperation` VALUES ('5', '8', '代客上门，可得5%。;\n自己带客上门，可得7%。;\n经纪人带客上门：可得9%；;\n\n', '导客返佣');
INSERT INTO `cooperation` VALUES ('10', '10', '导客拿佣金', '导客拿佣金');
INSERT INTO `cooperation` VALUES ('11', '11', '分拥拿佣金', '分拥拿佣金');
INSERT INTO `cooperation` VALUES ('12', '12', '导客分拥', '导客分拥');
INSERT INTO `cooperation` VALUES ('13', '14', '厦门明发海湾度假村位于福建省厦门市湖里区沿海景观带五缘湾桥南侧，环湾路以西，距厦门国际机场行车不超过五分钟，靠近厦门国际会议展览中心、厦门剧院、厦门观音山国际商务运营中心及香山国际游艇码头。本度假村计划建成一座五星级酒店30幢配有会议、住宿、休闲及娱乐设施的联排别墅单位，大部份酒店房间均拥有全海景，将成为厦门地标发展项目之一。', '转介得佣金');
INSERT INTO `cooperation` VALUES ('14', '15', '1：提前24小时报备 ，报备后客户24小时之后来访 。;\n2：报备保护期3个月 ，尽量少量客户在报备后3 - 24小时内到访 ，渠道负责人和项目营销经理确认 。;\n3：报备后客户3小时内到访视为无效客。;\n', '&quot;1:提前24小时报备 ，报备后客户24小时之后来访 。;\n2：报备保护期3个月 .尽量少量客户在报备后3 - 24小时内到访 .渠道负责人和项目营销经理确认 。;\n3：报备后客户3小时内到访视为无效客。;\n\n');
INSERT INTO `cooperation` VALUES ('15', '17', '1.金都·海尚国际坐落于环东海域;2.项目总建筑面积近50万㎡;3.8幢120-150米超高层建筑犹如千帆并举在海岸线上依次排开;4.横向流线线条及曲线处理，使建筑立面与城市天际线融为一体。', '金都·海尚国际坐落于环东海域，项目总建筑面积近50万㎡，8幢120-150米超高层建筑犹如千帆并举在海岸线上依次排开，横向流线线条及曲线处理，使建筑立面与城市天际线融为一体。');

-- ----------------------------
-- Table structure for employee
-- ----------------------------
DROP TABLE IF EXISTS `employee`;
CREATE TABLE `employee` (
  `EmployeeID` int(11) NOT NULL AUTO_INCREMENT,
  `EmployeeNum` varchar(18) DEFAULT NULL COMMENT '员工编号10010001',
  `Name` varchar(30) DEFAULT NULL COMMENT '姓名',
  `Sex` tinyint(1) DEFAULT NULL COMMENT '性别1为男2为女',
  `Email` varchar(64) DEFAULT NULL COMMENT '邮箱',
  `Mobile` varchar(11) DEFAULT NULL COMMENT '手机号码',
  `Pic` varchar(80) DEFAULT NULL,
  `DepartmentNum` varchar(4) DEFAULT NULL COMMENT '部门编号',
  `ParentID` int(11) DEFAULT NULL COMMENT '上级ID',
  `Password` varchar(255) DEFAULT NULL COMMENT '密码',
  `Random` varchar(6) DEFAULT NULL COMMENT '密码随机数',
  `RegisterTime` datetime DEFAULT NULL,
  `Note` varchar(255) DEFAULT NULL COMMENT '备注',
  `Status` tinyint(1) DEFAULT '0' COMMENT '0正常1锁定',
  `Position` varchar(80) DEFAULT NULL COMMENT '职务',
  `isPriority` tinyint(1) DEFAULT '1' COMMENT '是否为部门负责人2为否1为是',
  `DelFlag` tinyint(1) DEFAULT '0',
  `Sort` int(11) DEFAULT NULL,
  `ModifyTime` datetime DEFAULT NULL,
  `OperatorID` int(11) DEFAULT NULL,
  `DutyID` int(11) DEFAULT NULL COMMENT '权限用户组id',
  PRIMARY KEY (`EmployeeID`)
) ENGINE=InnoDB AUTO_INCREMENT=2 DEFAULT CHARSET=utf8 COMMENT='员工信息表';

-- ----------------------------
-- Records of employee
-- ----------------------------
INSERT INTO `employee` VALUES ('1', null, null, null, null, null, null, null, null, null, null, null, null, '0', null, '1', '0', null, null, null, null);

-- ----------------------------
-- Table structure for followup
-- ----------------------------
DROP TABLE IF EXISTS `followup`;
CREATE TABLE `followup` (
  `id` int(11) NOT NULL AUTO_INCREMENT,
  `report_id` int(11) DEFAULT NULL,
  `contents` varchar(255) DEFAULT NULL,
  `created_at` int(11) DEFAULT NULL,
  PRIMARY KEY (`id`)
) ENGINE=InnoDB AUTO_INCREMENT=17 DEFAULT CHARSET=utf8 COMMENT='报备跟进表';

-- ----------------------------
-- Records of followup
-- ----------------------------
INSERT INTO `followup` VALUES ('1', '1', '客户很有兴趣 想买，所以我就买给他了', '1515247522');
INSERT INTO `followup` VALUES ('2', '1', '这个特别防护', '1512898433');
INSERT INTO `followup` VALUES ('3', '7', '滚滚滚', '1512898449');
INSERT INTO `followup` VALUES ('4', '7', 'shide ', '1512900952');
INSERT INTO `followup` VALUES ('5', '14', '这个人其实不买房，是要撩妹子。', '1512974096');
INSERT INTO `followup` VALUES ('6', '14', '这个客户不买房子了', '1512975261');
INSERT INTO `followup` VALUES ('7', '14', '', '1512976993');
INSERT INTO `followup` VALUES ('8', '1', '这个', '1512981557');
INSERT INTO `followup` VALUES ('9', '14', '是', '1512981574');
INSERT INTO `followup` VALUES ('10', '14', '', '1512981600');
INSERT INTO `followup` VALUES ('11', '16', '客户没有不敢买房', '1513003428');
INSERT INTO `followup` VALUES ('12', '16', '胆子很小', '1513003442');
INSERT INTO `followup` VALUES ('13', '16', '都是发的首付多少佛挡杀佛ID石佛ID石佛单身公害第三节课飞虎队尽快回访第三节课深度客户发地块时间发上岛咖啡佛挡杀佛和金卡戴珊', '1513003453');
INSERT INTO `followup` VALUES ('14', '13', '客户不敢发的多岁的发', '1513003489');
INSERT INTO `followup` VALUES ('15', '13', ' 大三房佛挡杀佛活动健康惠芬姐的', '1513003499');
INSERT INTO `followup` VALUES ('16', '13', ' 都是房价的首付降到客户分级倒海翻江倒海翻江看到回复金卡戴珊发觉得诗客户服几点开始房价的客户服是接待客户反倒是', '1513003509');

-- ----------------------------
-- Table structure for huxing
-- ----------------------------
DROP TABLE IF EXISTS `huxing`;
CREATE TABLE `huxing` (
  `id` int(11) NOT NULL AUTO_INCREMENT,
  `huxing_name` varchar(30) DEFAULT NULL,
  `is_del` tinyint(1) DEFAULT '0',
  `sort` int(1) DEFAULT '0',
  PRIMARY KEY (`id`)
) ENGINE=InnoDB AUTO_INCREMENT=8 DEFAULT CHARSET=utf8 COMMENT='户型表';

-- ----------------------------
-- Records of huxing
-- ----------------------------
INSERT INTO `huxing` VALUES ('1', '二户', '1', '0');
INSERT INTO `huxing` VALUES ('2', '一室', '0', '1');
INSERT INTO `huxing` VALUES ('3', '两室', '0', '2');
INSERT INTO `huxing` VALUES ('4', '三室', '0', '3');
INSERT INTO `huxing` VALUES ('5', '四室', '0', '4');
INSERT INTO `huxing` VALUES ('6', '五室及以上', '0', '5');
INSERT INTO `huxing` VALUES ('7', '全部', '0', '0');

-- ----------------------------
-- Table structure for jiage
-- ----------------------------
DROP TABLE IF EXISTS `jiage`;
CREATE TABLE `jiage` (
  `id` int(11) NOT NULL AUTO_INCREMENT,
  `jiage_name` varchar(30) DEFAULT NULL,
  `is_del` tinyint(1) DEFAULT '0',
  `sort` int(1) DEFAULT '0',
  PRIMARY KEY (`id`)
) ENGINE=InnoDB AUTO_INCREMENT=7 DEFAULT CHARSET=utf8 COMMENT='价格区间表';

-- ----------------------------
-- Records of jiage
-- ----------------------------
INSERT INTO `jiage` VALUES ('1', '0-50', '1', '2');
INSERT INTO `jiage` VALUES ('2', '50万-100万', '0', '1');
INSERT INTO `jiage` VALUES ('3', '100-200万', '0', '2');
INSERT INTO `jiage` VALUES ('4', '200-300万', '0', '3');
INSERT INTO `jiage` VALUES ('5', '300-500万', '0', '4');
INSERT INTO `jiage` VALUES ('6', '500-1000万', '0', '5');

-- ----------------------------
-- Table structure for loupan
-- ----------------------------
DROP TABLE IF EXISTS `loupan`;
CREATE TABLE `loupan` (
  `id` int(11) NOT NULL AUTO_INCREMENT COMMENT 'id',
  `title` varchar(15) DEFAULT '0' COMMENT '标题',
  `des` text COMMENT '详情',
  `jianjie` text COMMENT '简介',
  `price` varchar(65) DEFAULT NULL COMMENT '价格',
  `jiage_id` int(11) DEFAULT NULL COMMENT '总价区间',
  `huxing_id` int(11) DEFAULT NULL COMMENT '户型',
  `zxiu_id` int(11) DEFAULT NULL COMMENT '装修',
  `type_id` int(11) DEFAULT NULL COMMENT '类型',
  `city_id` int(11) DEFAULT NULL COMMENT '城市ID',
  `area_id` int(11) DEFAULT NULL COMMENT '区域ID',
  `prices` varchar(65) DEFAULT NULL COMMENT '佣金价格',
  `pic` varchar(255) DEFAULT NULL COMMENT '图片',
  `address` varchar(255) DEFAULT NULL,
  `status` tinyint(1) DEFAULT '0' COMMENT '1正常2锁定',
  `is_del` tinyint(1) DEFAULT '0' COMMENT '记录状态',
  `created_at` int(11) DEFAULT NULL COMMENT '添加时间',
  `add_at` int(11) DEFAULT NULL COMMENT '上市时间',
  `size` varchar(56) DEFAULT NULL COMMENT '多少平方米',
  `is_hot` tinyint(1) DEFAULT '1' COMMENT '1不是2是',
  `tag` varchar(255) DEFAULT NULL COMMENT '多个用英文符号分开',
  PRIMARY KEY (`id`)
) ENGINE=InnoDB AUTO_INCREMENT=18 DEFAULT CHARSET=utf8 COMMENT='楼盘表';

-- ----------------------------
-- Records of loupan
-- ----------------------------
INSERT INTO `loupan` VALUES ('1', '第一个', '&lt;p&gt;详情111&lt;/p&gt;', '啊哈哈哈哈哈', '600', '5', '6', '3', '2', '9', '11', '20000', '/uploads/loupan/2017-12-02/5a225c6fa6b20.png', '何厝吸取', '1', '1', '1512144000', '1512316800', null, '1', null);
INSERT INTO `loupan` VALUES ('2', '五洲城', '&lt;p&gt;好房子啊&lt;/p&gt;&lt;p&gt;好房子啊&lt;/p&gt;&lt;p&gt;好房子啊&lt;/p&gt;&lt;p&gt;好房子啊&lt;/p&gt;&lt;p&gt;&lt;br/&gt;&lt;/p&gt;&lt;p&gt;&lt;br/&gt;&lt;/p&gt;', '好房子啊好房子啊好房子啊好房子啊好房子啊好房子啊好房子啊好房子啊', '13000', '2', '2', '2', '2', null, '20', '3', '/uploads/loupan/2017-12-02/5a22610a05b59.jpg', '漳州港-漳州开发商南滨大道', '1', '1', '1512144000', '1513094400', '', '2', null);
INSERT INTO `loupan` VALUES ('3', '悦珑庄', '&lt;p&gt;平台测试，&lt;/p&gt;&lt;p&gt;平台测试，&lt;/p&gt;&lt;p&gt;平台测试，&lt;/p&gt;&lt;p&gt;平台测试，&lt;/p&gt;&lt;p&gt;平台测试，&lt;/p&gt;', '平台测试，平台测试，\r\n平台测试，平台测试，\r\n平台测试，\r\n平台测试，\r\n平台测试，', '30000', '2', '2', '2', '2', '9', '10', '5000', '/uploads/loupan/2017-12-05/5a25f99ab3899.jpg', '漳州市迎宾大道', '1', '1', '1512489600', '1512576000', '', '2', null);
INSERT INTO `loupan` VALUES ('4', '领袖御园', '&lt;p style=&quot;margin-top: 5px; text-indent: 2em; text-align: justify;&quot;&gt;这是平台测试，&lt;/p&gt;&lt;p style=&quot;margin-top: 5px; text-indent: 2em; text-align: justify;&quot;&gt;这是平台测试&lt;/p&gt;&lt;p style=&quot;margin-top: 5px; text-indent: 2em; text-align: justify;&quot;&gt;这是平台测试&lt;/p&gt;&lt;p style=&quot;margin-top: 5px; text-indent: 2em; text-align: justify;&quot;&gt;这是平台测试&lt;/p&gt;&lt;p style=&quot;margin-top: 5px; text-indent: 2em; text-align: justify;&quot;&gt;这是平台测试&lt;/p&gt;&lt;p style=&quot;margin-top: 5px; text-indent: 2em; text-align: justify;&quot;&gt;这是平台测试，&lt;/p&gt;&lt;p style=&quot;margin-top: 5px; text-indent: 2em; text-align: justify;&quot;&gt;这是平台测试&lt;/p&gt;&lt;p style=&quot;margin-top: 5px; text-indent: 2em; text-align: justify;&quot;&gt;这是平台测试&lt;/p&gt;&lt;p style=&quot;margin-top: 5px; text-indent: 2em; text-align: justify;&quot;&gt;这是平台测试&lt;/p&gt;&lt;p style=&quot;margin-top: 5px; text-indent: 2em; text-align: justify;&quot;&gt;这是平台测试&lt;/p&gt;&lt;p&gt;&lt;br/&gt;&lt;/p&gt;', '这是平台测试，\r\n这是平台测试\r\n这是平台测试\r\n这是平台测试\r\n这是平台测试', '10000', '2', '2', '3', '2', '18', '20', '1', '/uploads/loupan/2017-12-05/5a26034a76421.jpg', '角美大道与324国道交汇处', '1', '1', '1512576000', '1512921600', null, '1', null);
INSERT INTO `loupan` VALUES ('5', '永鸿-商业广场', '&lt;p&gt;平台测试&lt;/p&gt;&lt;p&gt;平台测试&lt;/p&gt;&lt;p&gt;平台测试&lt;/p&gt;&lt;p&gt;平台测试&lt;/p&gt;&lt;p&gt;平台测试、平台测试、&lt;/p&gt;&lt;p&gt;平台测试&lt;/p&gt;&lt;p&gt;&lt;br/&gt;&lt;/p&gt;', '平台测试\r\n平台测试\r\n平台测试\r\n平台测试\r\n平台测试', '15000', '2', '3', '2', '2', '18', '20', '1', '/uploads/loupan/2017-12-05/5a26089838009.jpg', '厦门湾南岸', '1', '1', '1512403200', '1512489600', '', '2', null);
INSERT INTO `loupan` VALUES ('6', '厦门湾1号二期', '&lt;p&gt;平台测试平台测试平台测试平台测试平台测试平台测试平台测试平台测试平台测试平台测试平台测试平台测试平台测试平台测试平台测试平台测试平台测试平台测试平台测试平台测试平台测试平台测试平台测试平台测试平台测试平台测试平台测试平台测试平台测试平台测试平台测试平台测试平台测试平台测试平台测试平台测试平台测试平台测试平台测试平台测试平台测试平台测试平台测试平台测试平台测试平台测试平台测试平台测试平台测试平台测试平台测试平台测试平台测试平台测试平台测试平台测试平台测试平台测试平台测试平台测试平台测试平台测试平台测试平台测试平台测试平台测试平台测试平台测试平台测试平台测试平台测试平台测试平台测试平台测试平台测试平台测试平台测试&lt;/p&gt;', '平台测试平台测试平台测试平台测试平台测试平台测试平台测试平台测试平台测试平台测试平台测试平台测试平台测试平台测试平台测试平台测试平台测试平台测试平台测试平台测试平台测试', '20000', '3', '3', '3', '6', '18', '19', '1', '/uploads/loupan/2017-12-05/5a26090bba9e1.jpg', '厦门湾南岸厦门湾南岸厦门平台测试平台测试平台测试平台测试平台测试平台测试平台测试平台测试平台测试平台测试湾南岸厦门湾南岸厦门湾南岸厦门湾南岸厦门湾南岸厦门湾南岸厦门湾南岸厦门湾南岸厦门湾南岸', '1', '1', '1512403200', '1512316800', '', '2', null);
INSERT INTO `loupan` VALUES ('7', '金沙滩', '&lt;p&gt;平台测试平台测试平台测试平台测试平台测试平台测试平台测试平台测试平台测试平台测试平台测试平台测试平台测试平台测试平台测试平台测试平台测试平台测试平台测试平台测试平台测试平台测试平台测试平台测试平台测试平台测试平台测试平台测试平台测试平台测试平台测试平台测试平台测试平台测试平台测试平台测试平台测试平台测试平台测试&lt;/p&gt;', '平台测试平台测试平台测试平台测试平台测试平台测试平台测试平台测试平台测试平台测试平台测试平台测试平台测试平台测试平台测试平台测试平台测试平台测试平台测试平台测试平台测试平台测试平台测试平台测试平台测试', '89', '3', '3', '4', '3', '9', '17', '20', '/uploads/loupan/2017-12-05/5a260aa95ed22.jpg', '漳州市区', '1', '1', '1512403200', '1512316800', '', '2', null);
INSERT INTO `loupan` VALUES ('8', '宝龙一城', '&lt;p style=&quot;text-align:justify;text-justify:inter-ideograph&quot;&gt;&lt;strong&gt;&lt;span style=&quot;font-family: 宋体;font-size: 14px&quot;&gt;&lt;span style=&quot;font-family:宋体&quot;&gt;在售户型&lt;/span&gt;&lt;/span&gt;&lt;/strong&gt;&lt;span style=&quot;font-family: 宋体;font-size: 14px&quot;&gt;&lt;span style=&quot;font-family:宋体&quot;&gt;：&lt;/span&gt;54㎡，64㎡&lt;/span&gt;&lt;/p&gt;&lt;p style=&quot;text-align:justify;text-justify:inter-ideograph&quot;&gt;&lt;strong&gt;&lt;span style=&quot;font-family: 宋体;font-size: 14px&quot;&gt;&lt;span style=&quot;font-family:宋体&quot;&gt;物业类别&lt;/span&gt;&lt;/span&gt;&lt;/strong&gt;&lt;span style=&quot;font-family: 宋体;font-size: 14px&quot;&gt;&lt;span style=&quot;font-family:宋体&quot;&gt;：&lt;/span&gt; &lt;span style=&quot;font-family:宋体&quot;&gt;商住公寓&lt;/span&gt; &lt;/span&gt;&lt;/p&gt;&lt;p style=&quot;text-align:justify;text-justify:inter-ideograph&quot;&gt;&lt;strong&gt;&lt;span style=&quot;font-family: 宋体;font-size: 14px&quot;&gt;&lt;span style=&quot;font-family:宋体&quot;&gt;项目特色&lt;/span&gt;&lt;/span&gt;&lt;/strong&gt;&lt;span style=&quot;font-family: 宋体;font-size: 14px&quot;&gt;&lt;span style=&quot;font-family:宋体&quot;&gt;：不限购&lt;/span&gt;&lt;/span&gt;&lt;/p&gt;&lt;p style=&quot;text-align:justify;text-justify:inter-ideograph&quot;&gt;&lt;strong&gt;&lt;span style=&quot;font-family: 宋体;font-size: 14px&quot;&gt;&lt;span style=&quot;font-family:宋体&quot;&gt;建筑类别&lt;/span&gt;&lt;/span&gt;&lt;/strong&gt;&lt;span style=&quot;font-family: 宋体;font-size: 14px&quot;&gt;&lt;span style=&quot;font-family:宋体&quot;&gt;：&lt;/span&gt; &lt;span style=&quot;font-family:宋体&quot;&gt;塔楼&lt;/span&gt; &lt;span style=&quot;font-family:宋体&quot;&gt;高层&lt;/span&gt; &lt;/span&gt;&lt;/p&gt;&lt;p style=&quot;text-align:justify;text-justify:inter-ideograph&quot;&gt;&lt;strong&gt;&lt;span style=&quot;font-family: 宋体;font-size: 14px&quot;&gt;&lt;span style=&quot;font-family:宋体&quot;&gt;装修状况&lt;/span&gt;&lt;/span&gt;&lt;/strong&gt;&lt;span style=&quot;font-family: 宋体;font-size: 14px&quot;&gt;&lt;span style=&quot;font-family:宋体&quot;&gt;：&lt;/span&gt; &lt;span style=&quot;font-family:宋体&quot;&gt;非毛坯&lt;/span&gt; &lt;/span&gt;&lt;/p&gt;&lt;p style=&quot;text-align:justify;text-justify:inter-ideograph&quot;&gt;&lt;strong&gt;&lt;span style=&quot;font-family: 宋体;font-size: 14px&quot;&gt;&lt;span style=&quot;font-family:宋体&quot;&gt;产权年限&lt;/span&gt;&lt;/span&gt;&lt;/strong&gt;&lt;span style=&quot;font-family: 宋体;font-size: 14px&quot;&gt;&lt;span style=&quot;font-family:宋体&quot;&gt;：商住公寓&lt;/span&gt;50年&lt;/span&gt;&lt;/p&gt;&lt;p style=&quot;text-align:justify;text-justify:inter-ideograph&quot;&gt;&lt;strong&gt;&lt;span style=&quot;font-family: 宋体;font-size: 14px&quot;&gt;&lt;span style=&quot;font-family:宋体&quot;&gt;开发&lt;/span&gt; &lt;span style=&quot;font-family:宋体&quot;&gt;商&lt;/span&gt;&lt;/span&gt;&lt;/strong&gt;&lt;span style=&quot;font-family: 宋体;font-size: 14px&quot;&gt;&lt;span style=&quot;font-family:宋体&quot;&gt;：宝龙集团&lt;/span&gt;&lt;/span&gt;&lt;/p&gt;&lt;p style=&quot;text-align:justify;text-justify:inter-ideograph&quot;&gt;&lt;strong&gt;&lt;span style=&quot;font-family: 宋体;font-size: 14px&quot;&gt;&lt;span style=&quot;font-family:宋体&quot;&gt;楼盘地址&lt;/span&gt;&lt;/span&gt;&lt;/strong&gt;&lt;span style=&quot;font-family: 宋体;font-size: 14px&quot;&gt;&lt;span style=&quot;font-family:宋体&quot;&gt;：厦门市吕岭路与金山路交汇处&lt;/span&gt;&lt;/span&gt;&lt;/p&gt;&lt;p style=&quot;text-align:justify;text-justify:inter-ideograph&quot;&gt;&lt;strong&gt;&lt;span style=&quot;font-family: 宋体;font-size: 14px&quot;&gt;&lt;span style=&quot;font-family:宋体&quot;&gt;占地面积&lt;/span&gt;&lt;/span&gt;&lt;/strong&gt;&lt;span style=&quot;font-family: 宋体;font-size: 14px&quot;&gt;&lt;span style=&quot;font-family:宋体&quot;&gt;：&lt;/span&gt;75000&lt;span style=&quot;font-family:宋体&quot;&gt;平方米&lt;/span&gt;&lt;/span&gt;&lt;/p&gt;&lt;p style=&quot;text-align:justify;text-justify:inter-ideograph&quot;&gt;&lt;strong&gt;&lt;span style=&quot;font-family: 宋体;font-size: 14px&quot;&gt;&lt;span style=&quot;font-family:宋体&quot;&gt;建筑面积&lt;/span&gt;&lt;/span&gt;&lt;/strong&gt;&lt;span style=&quot;font-family: 宋体;font-size: 14px&quot;&gt;&lt;span style=&quot;font-family:宋体&quot;&gt;：&lt;/span&gt;400000&lt;span style=&quot;font-family:宋体&quot;&gt;平方米&lt;/span&gt;&lt;/span&gt;&lt;/p&gt;&lt;p style=&quot;text-align:justify;text-justify:inter-ideograph&quot;&gt;&lt;strong&gt;&lt;span style=&quot;font-family: 宋体;font-size: 14px&quot;&gt;&lt;span style=&quot;font-family:宋体&quot;&gt;容积率&lt;/span&gt;&lt;/span&gt;&lt;/strong&gt;&lt;span style=&quot;font-family: 宋体;font-size: 14px&quot;&gt;&lt;span style=&quot;font-family:宋体&quot;&gt;：&lt;/span&gt;4.96 &amp;nbsp;&lt;/span&gt;&lt;/p&gt;&lt;p style=&quot;text-align:justify;text-justify:inter-ideograph&quot;&gt;&lt;strong&gt;&lt;span style=&quot;font-family: 宋体;font-size: 14px&quot;&gt;&lt;span style=&quot;font-family:宋体&quot;&gt;绿化率&lt;/span&gt;&lt;/span&gt;&lt;/strong&gt;&lt;span style=&quot;font-family: 宋体;font-size: 14px&quot;&gt;&lt;span style=&quot;font-family:宋体&quot;&gt;：&lt;/span&gt;30%&lt;/span&gt;&lt;/p&gt;&lt;p style=&quot;text-align:justify;text-justify:inter-ideograph&quot;&gt;&lt;strong&gt;&lt;span style=&quot;font-family: 宋体;font-size: 14px&quot;&gt;&lt;span style=&quot;font-family:宋体&quot;&gt;楼栋总数&lt;/span&gt;&lt;/span&gt;&lt;/strong&gt;&lt;span style=&quot;font-family: 宋体;font-size: 14px&quot;&gt;&lt;span style=&quot;font-family:宋体&quot;&gt;：&lt;/span&gt;2&lt;span style=&quot;font-family:宋体&quot;&gt;栋&lt;/span&gt;&lt;/span&gt;&lt;/p&gt;&lt;p style=&quot;text-align:justify;text-justify:inter-ideograph&quot;&gt;&lt;strong&gt;&lt;span style=&quot;font-family: 宋体;font-size: 14px&quot;&gt;&lt;span style=&quot;font-family:宋体&quot;&gt;总户数&lt;/span&gt;&lt;/span&gt;&lt;/strong&gt;&lt;span style=&quot;font-family: 宋体;font-size: 14px&quot;&gt;&lt;span style=&quot;font-family:宋体&quot;&gt;：&lt;/span&gt;548&lt;span style=&quot;font-family:宋体&quot;&gt;户&lt;/span&gt;&lt;/span&gt;&lt;/p&gt;&lt;p style=&quot;text-align:justify;text-justify:inter-ideograph&quot;&gt;&lt;strong&gt;&lt;span style=&quot;font-family: 宋体;font-size: 14px&quot;&gt;&lt;span style=&quot;font-family:宋体&quot;&gt;物业公司&lt;/span&gt;&lt;/span&gt;&lt;/strong&gt;&lt;span style=&quot;font-family: 宋体;font-size: 14px&quot;&gt;&lt;span style=&quot;font-family:宋体&quot;&gt;：宝龙商业物业管理有限公司&lt;/span&gt;&lt;/span&gt;&lt;/p&gt;&lt;p style=&quot;text-align:justify;text-justify:inter-ideograph&quot;&gt;&lt;strong&gt;&lt;span style=&quot;font-family: 宋体;font-size: 14px&quot;&gt;&lt;span style=&quot;font-family:宋体&quot;&gt;物业费&lt;/span&gt;&lt;/span&gt;&lt;/strong&gt;&lt;span style=&quot;font-family: 宋体;font-size: 14px&quot;&gt;&lt;span style=&quot;font-family:宋体&quot;&gt;：&lt;/span&gt;5.00&lt;span style=&quot;font-family:宋体&quot;&gt;元&lt;/span&gt;&lt;span style=&quot;font-family:Calibri&quot;&gt;/&lt;/span&gt;&lt;span style=&quot;font-family:宋体&quot;&gt;㎡·月 &lt;/span&gt;&lt;/span&gt;&lt;/p&gt;&lt;p style=&quot;text-align:justify;text-justify:inter-ideograph&quot;&gt;&lt;strong&gt;&lt;span style=&quot;font-family: 宋体;font-size: 14px&quot;&gt;&lt;span style=&quot;font-family:宋体&quot;&gt;物业费描述&lt;/span&gt;&lt;/span&gt;&lt;/strong&gt;&lt;span style=&quot;font-family: 宋体;font-size: 14px&quot;&gt;&lt;span style=&quot;font-family:宋体&quot;&gt;：&lt;/span&gt;5&lt;span style=&quot;font-family:宋体&quot;&gt;元&lt;/span&gt;&lt;span style=&quot;font-family:Calibri&quot;&gt;/&lt;/span&gt;&lt;span style=&quot;font-family:宋体&quot;&gt;平方米·月&lt;/span&gt;&lt;/span&gt;&lt;/p&gt;&lt;p style=&quot;text-align:justify;text-justify:inter-ideograph&quot;&gt;&lt;strong&gt;&lt;span style=&quot;font-family: 宋体;font-size: 14px&quot;&gt;&lt;span style=&quot;font-family:宋体&quot;&gt;楼层&lt;/span&gt;&lt;/span&gt;&lt;/strong&gt;&lt;span style=&quot;font-family: 宋体;font-size: 14px&quot;&gt;&lt;span style=&quot;font-family:宋体&quot;&gt;：&lt;/span&gt;26&lt;span style=&quot;font-family:宋体&quot;&gt;层&lt;/span&gt;&lt;/span&gt;&lt;/p&gt;&lt;p style=&quot;text-align:justify;text-justify:inter-ideograph&quot;&gt;&lt;strong&gt;&lt;span style=&quot;font-family: 宋体;font-size: 14px&quot;&gt;&lt;span style=&quot;font-family:宋体&quot;&gt;交通&lt;/span&gt;&lt;/span&gt;&lt;/strong&gt;&lt;span style=&quot;font-family: 宋体;font-size: 14px&quot;&gt;&lt;span style=&quot;font-family:宋体&quot;&gt;：乘坐以下公交可至项目现场&lt;/span&gt; 38&lt;span style=&quot;font-family:宋体&quot;&gt;路&lt;/span&gt;&lt;span style=&quot;font-family:Calibri&quot;&gt;; 39&lt;/span&gt;&lt;span style=&quot;font-family:宋体&quot;&gt;路&lt;/span&gt;&lt;span style=&quot;font-family:Calibri&quot;&gt;; 50&lt;/span&gt;&lt;span style=&quot;font-family:宋体&quot;&gt;路&lt;/span&gt;&lt;span style=&quot;font-family:Calibri&quot;&gt;; 68&lt;/span&gt;&lt;span style=&quot;font-family:宋体&quot;&gt;路&lt;/span&gt;&lt;span style=&quot;font-family:Calibri&quot;&gt;; 88&lt;/span&gt;&lt;span style=&quot;font-family:宋体&quot;&gt;路&lt;/span&gt;&lt;span style=&quot;font-family:Calibri&quot;&gt;; 94&lt;/span&gt;&lt;span style=&quot;font-family:宋体&quot;&gt;路&lt;/span&gt;&lt;span style=&quot;font-family:Calibri&quot;&gt;; 102&lt;/span&gt;&lt;span style=&quot;font-family:宋体&quot;&gt;路高峰&lt;/span&gt;&lt;span style=&quot;font-family:Calibri&quot;&gt;; 123&lt;/span&gt;&lt;span style=&quot;font-family:宋体&quot;&gt;路&lt;/span&gt;&lt;span style=&quot;font-family:Calibri&quot;&gt;; 127&lt;/span&gt;&lt;span style=&quot;font-family:宋体&quot;&gt;路&lt;/span&gt;&lt;span style=&quot;font-family:Calibri&quot;&gt;; 129&lt;/span&gt;&lt;span style=&quot;font-family:宋体&quot;&gt;路&lt;/span&gt;&lt;span style=&quot;font-family:Calibri&quot;&gt;; 302&lt;/span&gt;&lt;span style=&quot;font-family:宋体&quot;&gt;路高峰&lt;/span&gt;&lt;span style=&quot;font-family:Calibri&quot;&gt;; 303&lt;/span&gt;&lt;span style=&quot;font-family:宋体&quot;&gt;路高峰&lt;/span&gt;&lt;span style=&quot;font-family:Calibri&quot;&gt;; 311&lt;/span&gt;&lt;span style=&quot;font-family:宋体&quot;&gt;路高峰&lt;/span&gt;&lt;span style=&quot;font-family:Calibri&quot;&gt;; 313&lt;/span&gt;&lt;span style=&quot;font-family:宋体&quot;&gt;路高峰&lt;/span&gt;&lt;span style=&quot;font-family:Calibri&quot;&gt;; 656&lt;/span&gt;&lt;span style=&quot;font-family:宋体&quot;&gt;路至“赤坡山站”；&lt;/span&gt;&lt;span style=&quot;font-family:Calibri&quot;&gt;18&lt;/span&gt;&lt;span style=&quot;font-family:宋体&quot;&gt;路&lt;/span&gt;&lt;span style=&quot;font-family:Calibri&quot;&gt;; 102&lt;/span&gt;&lt;span style=&quot;font-family:宋体&quot;&gt;路高峰&lt;/span&gt;&lt;span style=&quot;font-family:Calibri&quot;&gt;; 105&lt;/span&gt;&lt;span style=&quot;font-family:宋体&quot;&gt;路&lt;/span&gt;&lt;span style=&quot;font-family:Calibri&quot;&gt;; 129&lt;/span&gt;&lt;span style=&quot;font-family:宋体&quot;&gt;路&lt;/span&gt;&lt;span style=&quot;font-family:Calibri&quot;&gt;; 653&lt;/span&gt;&lt;span style=&quot;font-family:宋体&quot;&gt;路&lt;/span&gt;&lt;span style=&quot;font-family:Calibri&quot;&gt;; 656&lt;/span&gt;&lt;span style=&quot;font-family:宋体&quot;&gt;路&lt;/span&gt;&lt;span style=&quot;font-family:Calibri&quot;&gt;; 754&lt;/span&gt;&lt;span style=&quot;font-family:宋体&quot;&gt;路至“湖边花园站”&lt;/span&gt;&lt;/span&gt;&lt;/p&gt;&lt;p style=&quot;text-align:justify;text-justify:inter-ideograph&quot;&gt;&lt;strong&gt;&lt;span style=&quot;font-family: 宋体;font-size: 14px&quot;&gt;&lt;span style=&quot;font-family:宋体&quot;&gt;综合商场&lt;/span&gt;&lt;/span&gt;&lt;/strong&gt;&lt;span style=&quot;font-family: 宋体;font-size: 14px&quot;&gt;&lt;span style=&quot;font-family:宋体&quot;&gt;：瑞景商业广场、万达广场、大润发&lt;/span&gt;&lt;/span&gt;&lt;/p&gt;&lt;p style=&quot;text-align:justify;text-justify:inter-ideograph&quot;&gt;&lt;strong&gt;&lt;span style=&quot;font-family: 宋体;font-size: 14px&quot;&gt;&lt;span style=&quot;font-family:宋体&quot;&gt;医院&lt;/span&gt;&lt;/span&gt;&lt;/strong&gt;&lt;span style=&quot;font-family: 宋体;font-size: 14px&quot;&gt;&lt;span style=&quot;font-family:宋体&quot;&gt;：金尚医院、前埔医院、厦门口腔医院&lt;/span&gt;&lt;/span&gt;&lt;/p&gt;&lt;p style=&quot;text-align:justify;text-justify:inter-ideograph&quot;&gt;&lt;strong&gt;&lt;span style=&quot;font-family: 宋体;font-size: 14px&quot;&gt;&lt;span style=&quot;font-family:宋体&quot;&gt;银行&lt;/span&gt;&lt;/span&gt;&lt;/strong&gt;&lt;span style=&quot;font-family: 宋体;font-size: 14px&quot;&gt;&lt;span style=&quot;font-family:宋体&quot;&gt;：建设银行、中国银行&lt;/span&gt;&lt;/span&gt;&lt;/p&gt;&lt;p style=&quot;text-align:justify;text-justify:inter-ideograph&quot;&gt;&lt;strong&gt;&lt;span style=&quot;font-family: 宋体;font-size: 14px&quot;&gt;&lt;span style=&quot;font-family:宋体&quot;&gt;其他&lt;/span&gt;&lt;/span&gt;&lt;/strong&gt;&lt;span style=&quot;font-family: 宋体;font-size: 14px&quot;&gt;&lt;span style=&quot;font-family:宋体&quot;&gt;：厦门软件园二期、佰翔软件园酒店&lt;/span&gt;&lt;/span&gt;&lt;/p&gt;&lt;p&gt;&lt;strong&gt;&lt;span style=&quot;font-family: 宋体;font-size: 14px&quot;&gt;&lt;span style=&quot;font-family:宋体&quot;&gt;小区内部配套&lt;/span&gt;&lt;/span&gt;&lt;/strong&gt;&lt;span style=&quot;font-family: 宋体;font-size: 14px&quot;&gt;&lt;span style=&quot;font-family:宋体&quot;&gt;：福建首家&lt;/span&gt;W&lt;span style=&quot;font-family:宋体&quot;&gt;酒店、全时区大商业航母、精装公馆在内的多重高端业&lt;/span&gt;&lt;/span&gt;&lt;/p&gt;&lt;p&gt;&lt;br/&gt;&lt;/p&gt;', '宝龙一城地处厦门岛内核心湖边水库片区，在金山路与吕岭路两大城市动脉交汇处，规划总建筑面积约40万平方米，总投资超25亿元', '43000', '5', '3', '3', '4', '9', '11', '2%跳2.4%+成交激励', '/uploads/loupan/2017-12-09/5a2bca5467a7e.png', '厦门市吕岭路与金山路交汇处', '1', '0', '-28800', '1512748800', '54㎡，64㎡', '2', '装修;很棒;靠近迪特');
INSERT INTO `loupan` VALUES ('9', '城里', '&lt;p style=&quot;text-align:justify;text-justify:inter-ideograph&quot;&gt;&lt;strong&gt;&lt;span style=&quot;font-family: 宋体;font-size: 14px&quot;&gt;&lt;span style=&quot;font-family:宋体&quot;&gt;在售产品&lt;/span&gt;&lt;/span&gt;&lt;/strong&gt;&lt;span style=&quot;font-family: 宋体;font-size: 14px&quot;&gt;&lt;span style=&quot;font-family:宋体&quot;&gt;：&lt;/span&gt;33-44&lt;span style=&quot;font-family:宋体&quot;&gt;㎡挑高&lt;/span&gt;&lt;span style=&quot;font-family:Calibri&quot;&gt;3.6&lt;/span&gt;&lt;span style=&quot;font-family:宋体&quot;&gt;米平层与挑高&lt;/span&gt;&lt;span style=&quot;font-family:Calibri&quot;&gt;5&lt;/span&gt;&lt;span style=&quot;font-family:宋体&quot;&gt;米复式&lt;/span&gt;&lt;/span&gt;&lt;/p&gt;&lt;p style=&quot;text-align:justify;text-justify:inter-ideograph&quot;&gt;&lt;strong&gt;&lt;span style=&quot;font-family: 宋体;font-size: 14px&quot;&gt;&lt;span style=&quot;font-family:宋体&quot;&gt;物业类别&lt;/span&gt;&lt;/span&gt;&lt;/strong&gt;&lt;span style=&quot;font-family: 宋体;font-size: 14px&quot;&gt;&lt;span style=&quot;font-family:宋体&quot;&gt;：&lt;/span&gt; &lt;span style=&quot;font-family:宋体&quot;&gt;写字楼&lt;/span&gt; &lt;/span&gt;&lt;/p&gt;&lt;p style=&quot;text-align:justify;text-justify:inter-ideograph&quot;&gt;&lt;strong&gt;&lt;span style=&quot;font-family: 宋体;font-size: 14px&quot;&gt;&lt;span style=&quot;font-family:宋体&quot;&gt;装修状况&lt;/span&gt;&lt;/span&gt;&lt;/strong&gt;&lt;span style=&quot;font-family: 宋体;font-size: 14px&quot;&gt;&lt;span style=&quot;font-family:宋体&quot;&gt;：&lt;/span&gt; &lt;span style=&quot;font-family:宋体&quot;&gt;毛坯&lt;/span&gt; &lt;/span&gt;&lt;/p&gt;&lt;p style=&quot;text-align:justify;text-justify:inter-ideograph&quot;&gt;&lt;strong&gt;&lt;span style=&quot;font-family: 宋体;font-size: 14px&quot;&gt;&lt;span style=&quot;font-family:宋体&quot;&gt;产权年限&lt;/span&gt;&lt;/span&gt;&lt;/strong&gt;&lt;span style=&quot;font-family: 宋体;font-size: 14px&quot;&gt;&lt;span style=&quot;font-family:宋体&quot;&gt;：&lt;/span&gt;LOFT:50&lt;/span&gt;&lt;/p&gt;&lt;p style=&quot;text-align:justify;text-justify:inter-ideograph&quot;&gt;&lt;strong&gt;&lt;span style=&quot;font-family: 宋体;font-size: 14px&quot;&gt;&lt;span style=&quot;font-family:宋体&quot;&gt;开发&lt;/span&gt; &lt;span style=&quot;font-family:宋体&quot;&gt;商&lt;/span&gt;&lt;/span&gt;&lt;/strong&gt;&lt;span style=&quot;font-family: 宋体;font-size: 14px&quot;&gt;&lt;span style=&quot;font-family:宋体&quot;&gt;：厦门市金吉泰房地产开发有限公司&lt;/span&gt;&lt;/span&gt;&lt;/p&gt;&lt;p style=&quot;text-align:justify;text-justify:inter-ideograph&quot;&gt;&lt;strong&gt;&lt;span style=&quot;font-family: 宋体;font-size: 14px&quot;&gt;&lt;span style=&quot;font-family:宋体&quot;&gt;楼盘地址&lt;/span&gt;&lt;/span&gt;&lt;/strong&gt;&lt;span style=&quot;font-family: 宋体;font-size: 14px&quot;&gt;&lt;span style=&quot;font-family:宋体&quot;&gt;：长浩东路麦德龙旁&lt;/span&gt;&lt;/span&gt;&lt;/p&gt;&lt;p style=&quot;text-align:justify;text-justify:inter-ideograph&quot;&gt;&lt;strong&gt;&lt;span style=&quot;font-family: 宋体;font-size: 14px&quot;&gt;&lt;span style=&quot;font-family:宋体&quot;&gt;销售状态&lt;/span&gt;&lt;/span&gt;&lt;/strong&gt;&lt;span style=&quot;font-family: 宋体;font-size: 14px&quot;&gt;&lt;span style=&quot;font-family:宋体&quot;&gt;：&lt;/span&gt; &lt;span style=&quot;font-family:宋体&quot;&gt;在售&lt;/span&gt;&lt;/span&gt;&lt;/p&gt;&lt;p style=&quot;text-align:justify;text-justify:inter-ideograph&quot;&gt;&lt;strong&gt;&lt;span style=&quot;font-family: 宋体;font-size: 14px&quot;&gt;&lt;span style=&quot;font-family:宋体&quot;&gt;楼盘优惠&lt;/span&gt;&lt;/span&gt;&lt;/strong&gt;&lt;span style=&quot;font-family: 宋体;font-size: 14px&quot;&gt;&lt;span style=&quot;font-family:宋体&quot;&gt;：&lt;/span&gt; &lt;span style=&quot;font-family:宋体&quot;&gt;暂无&lt;/span&gt; &lt;/span&gt;&lt;/p&gt;&lt;p style=&quot;text-align:justify;text-justify:inter-ideograph&quot;&gt;&lt;strong&gt;&lt;span style=&quot;font-family: 宋体;font-size: 14px&quot;&gt;&lt;span style=&quot;font-family:宋体&quot;&gt;开盘时间&lt;/span&gt;&lt;/span&gt;&lt;/strong&gt;&lt;span style=&quot;font-family: 宋体;font-size: 14px&quot;&gt;&lt;span style=&quot;font-family:宋体&quot;&gt;：&lt;/span&gt;2017&lt;span style=&quot;font-family:宋体&quot;&gt;年&lt;/span&gt;&lt;span style=&quot;font-family:Calibri&quot;&gt;6&lt;/span&gt;&lt;span style=&quot;font-family:宋体&quot;&gt;月&lt;/span&gt;&lt;span style=&quot;font-family:Calibri&quot;&gt;11&lt;/span&gt;&lt;span style=&quot;font-family:宋体&quot;&gt;日已开盘&lt;/span&gt;&lt;/span&gt;&lt;/p&gt;&lt;p style=&quot;text-align:justify;text-justify:inter-ideograph&quot;&gt;&lt;strong&gt;&lt;span style=&quot;font-family: 宋体;font-size: 14px&quot;&gt;&lt;span style=&quot;font-family:宋体&quot;&gt;交房时间&lt;/span&gt;&lt;/span&gt;&lt;/strong&gt;&lt;span style=&quot;font-family: 宋体;font-size: 14px&quot;&gt;&lt;span style=&quot;font-family:宋体&quot;&gt;：预计&lt;/span&gt;2018&lt;span style=&quot;font-family:宋体&quot;&gt;年&lt;/span&gt;&lt;span style=&quot;font-family:Calibri&quot;&gt;6&lt;/span&gt;&lt;span style=&quot;font-family:宋体&quot;&gt;月交房&lt;/span&gt;&lt;/span&gt;&lt;/p&gt;&lt;p style=&quot;text-align:justify;text-justify:inter-ideograph&quot;&gt;&lt;strong&gt;&lt;span style=&quot;font-family: 宋体;font-size: 14px&quot;&gt;&lt;span style=&quot;font-family:宋体&quot;&gt;售楼地址&lt;/span&gt;&lt;/span&gt;&lt;/strong&gt;&lt;span style=&quot;font-family: 宋体;font-size: 14px&quot;&gt;&lt;span style=&quot;font-family:宋体&quot;&gt;：翔鹭国际酒店&lt;/span&gt;B&lt;span style=&quot;font-family:宋体&quot;&gt;门&lt;/span&gt;&lt;/span&gt;&lt;/p&gt;&lt;p style=&quot;text-align:justify;text-justify:inter-ideograph&quot;&gt;&lt;strong&gt;&lt;span style=&quot;font-family: 宋体;font-size: 14px&quot;&gt;&lt;span style=&quot;font-family:宋体&quot;&gt;主力户型&lt;/span&gt;&lt;/span&gt;&lt;/strong&gt;&lt;span style=&quot;font-family: 宋体;font-size: 14px&quot;&gt;&lt;span style=&quot;font-family:宋体&quot;&gt;：&lt;/span&gt; &lt;span style=&quot;font-family:宋体&quot;&gt;暂无资料&lt;/span&gt;&lt;/span&gt;&lt;/p&gt;&lt;p style=&quot;text-align:justify;text-justify:inter-ideograph&quot;&gt;&lt;strong&gt;&lt;span style=&quot;font-family: 宋体;font-size: 16px&quot;&gt;周边设施&lt;/span&gt;&lt;/strong&gt;&lt;/p&gt;&lt;p style=&quot;text-align:justify;text-justify:inter-ideograph&quot;&gt;&lt;strong&gt;&lt;span style=&quot;font-family: 宋体;font-size: 14px&quot;&gt;&lt;span style=&quot;font-family:宋体&quot;&gt;交通&lt;/span&gt;&lt;/span&gt;&lt;/strong&gt;&lt;span style=&quot;font-family: 宋体;font-size: 14px&quot;&gt;&lt;span style=&quot;font-family:宋体&quot;&gt;：麦德龙公交总站、台贸中心公交站&lt;/span&gt;&lt;/span&gt;&lt;/p&gt;&lt;p style=&quot;text-align:justify;text-justify:inter-ideograph&quot;&gt;&lt;strong&gt;&lt;span style=&quot;font-family: 宋体;font-size: 14px&quot;&gt;&lt;span style=&quot;font-family:宋体&quot;&gt;中小学&lt;/span&gt;&lt;/span&gt;&lt;/strong&gt;&lt;span style=&quot;font-family: 宋体;font-size: 14px&quot;&gt;:&lt;span style=&quot;font-family:宋体&quot;&gt;寨上小学、翔鹭小学、芙蓉苑大地幼儿园、康桥双语幼儿园、高殿幼儿园、鹭苗幼儿园等&lt;/span&gt;&lt;/span&gt;&lt;/p&gt;&lt;p style=&quot;text-align:justify;text-justify:inter-ideograph&quot;&gt;&lt;strong&gt;&lt;span style=&quot;font-family: 宋体;font-size: 14px&quot;&gt;&lt;span style=&quot;font-family:宋体&quot;&gt;综合商场&lt;/span&gt;&lt;/span&gt;&lt;/strong&gt;&lt;span style=&quot;font-family: 宋体;font-size: 14px&quot;&gt;&lt;span style=&quot;font-family:宋体&quot;&gt;：闽南古镇、麦德龙、&lt;/span&gt;SM&lt;span style=&quot;font-family:宋体&quot;&gt;广场等&lt;/span&gt;&lt;/span&gt;&lt;/p&gt;&lt;p style=&quot;text-align:justify;text-justify:inter-ideograph&quot;&gt;&lt;strong&gt;&lt;span style=&quot;font-family: 宋体;font-size: 14px&quot;&gt;&lt;span style=&quot;font-family:宋体&quot;&gt;医院&lt;/span&gt;&lt;/span&gt;&lt;/strong&gt;&lt;span style=&quot;font-family: 宋体;font-size: 14px&quot;&gt;&lt;span style=&quot;font-family:宋体&quot;&gt;：马垅医院、湖里华兴医院、湖里健民医院、厦门柯宏眼科医院、同济门诊部&lt;/span&gt;&lt;/span&gt;&lt;/p&gt;&lt;p style=&quot;text-align:justify;text-justify:inter-ideograph&quot;&gt;&lt;strong&gt;&lt;span style=&quot;font-family: 宋体;font-size: 14px&quot;&gt;&lt;span style=&quot;font-family:宋体&quot;&gt;占地面积&lt;/span&gt;&lt;/span&gt;&lt;/strong&gt;&lt;span style=&quot;font-family: 宋体;font-size: 14px&quot;&gt;&lt;span style=&quot;font-family:宋体&quot;&gt;：&lt;/span&gt;11708&lt;span style=&quot;font-family:宋体&quot;&gt;平方米&lt;/span&gt;&lt;/span&gt;&lt;/p&gt;&lt;p style=&quot;text-align:justify;text-justify:inter-ideograph&quot;&gt;&lt;strong&gt;&lt;span style=&quot;font-family: 宋体;font-size: 14px&quot;&gt;&lt;span style=&quot;font-family:宋体&quot;&gt;建筑面积&lt;/span&gt;&lt;/span&gt;&lt;/strong&gt;&lt;span style=&quot;font-family: 宋体;font-size: 14px&quot;&gt;&lt;span style=&quot;font-family:宋体&quot;&gt;：&lt;/span&gt;63639&lt;span style=&quot;font-family:宋体&quot;&gt;平方米&lt;/span&gt;&lt;/span&gt;&lt;/p&gt;&lt;p style=&quot;text-align:justify;text-justify:inter-ideograph&quot;&gt;&lt;strong&gt;&lt;span style=&quot;font-family: 宋体;font-size: 14px&quot;&gt;&lt;span style=&quot;font-family:宋体&quot;&gt;容积率&lt;/span&gt;&lt;/span&gt;&lt;/strong&gt;&lt;span style=&quot;font-family: 宋体;font-size: 14px&quot;&gt;&lt;span style=&quot;font-family:宋体&quot;&gt;：&lt;/span&gt;5.42 &amp;nbsp;&lt;/span&gt;&lt;/p&gt;&lt;p style=&quot;text-align:justify;text-justify:inter-ideograph&quot;&gt;&lt;strong&gt;&lt;span style=&quot;font-family: 宋体;font-size: 14px&quot;&gt;&lt;span style=&quot;font-family:宋体&quot;&gt;绿化率&lt;/span&gt;&lt;/span&gt;&lt;/strong&gt;&lt;span style=&quot;font-family: 宋体;font-size: 14px&quot;&gt;&lt;span style=&quot;font-family:宋体&quot;&gt;：&lt;/span&gt;10%&lt;/span&gt;&lt;/p&gt;&lt;p style=&quot;text-align:justify;text-justify:inter-ideograph&quot;&gt;&lt;strong&gt;&lt;span style=&quot;font-family: 宋体;font-size: 14px&quot;&gt;&lt;span style=&quot;font-family:宋体&quot;&gt;停车位&lt;/span&gt;&lt;/span&gt;&lt;/strong&gt;&lt;span style=&quot;font-family: 宋体;font-size: 14px&quot;&gt;&lt;span style=&quot;font-family:宋体&quot;&gt;：暂无资料&lt;/span&gt;&lt;/span&gt;&lt;/p&gt;&lt;p style=&quot;text-align:justify;text-justify:inter-ideograph&quot;&gt;&lt;strong&gt;&lt;span style=&quot;font-family: 宋体;font-size: 14px&quot;&gt;&lt;span style=&quot;font-family:宋体&quot;&gt;楼栋总数&lt;/span&gt;&lt;/span&gt;&lt;/strong&gt;&lt;span style=&quot;font-family: 宋体;font-size: 14px&quot;&gt;&lt;span style=&quot;font-family:宋体&quot;&gt;：暂无资料&lt;/span&gt;&lt;/span&gt;&lt;/p&gt;&lt;p style=&quot;text-align:justify;text-justify:inter-ideograph&quot;&gt;&lt;strong&gt;&lt;span style=&quot;font-family: 宋体;font-size: 14px&quot;&gt;&lt;span style=&quot;font-family:宋体&quot;&gt;总户数&lt;/span&gt;&lt;/span&gt;&lt;/strong&gt;&lt;span style=&quot;font-family: 宋体;font-size: 14px&quot;&gt;&lt;span style=&quot;font-family:宋体&quot;&gt;：暂无资料&lt;/span&gt;&lt;/span&gt;&lt;/p&gt;&lt;p style=&quot;text-align:justify;text-justify:inter-ideograph&quot;&gt;&lt;strong&gt;&lt;span style=&quot;font-family: 宋体;font-size: 14px&quot;&gt;&lt;span style=&quot;font-family:宋体&quot;&gt;物业公司&lt;/span&gt;&lt;/span&gt;&lt;/strong&gt;&lt;span style=&quot;font-family: 宋体;font-size: 14px&quot;&gt;&lt;span style=&quot;font-family:宋体&quot;&gt;：国贸物业管理有限公司&lt;/span&gt;&lt;/span&gt;&lt;/p&gt;&lt;p style=&quot;text-align:justify;text-justify:inter-ideograph&quot;&gt;&lt;strong&gt;&lt;span style=&quot;font-family: 宋体;font-size: 14px&quot;&gt;&lt;span style=&quot;font-family:宋体&quot;&gt;物业费&lt;/span&gt;&lt;/span&gt;&lt;/strong&gt;&lt;span style=&quot;font-family: 宋体;font-size: 14px&quot;&gt;&lt;span style=&quot;font-family:宋体&quot;&gt;：&lt;/span&gt;4.20&lt;span style=&quot;font-family:宋体&quot;&gt;元&lt;/span&gt;&lt;span style=&quot;font-family:Calibri&quot;&gt;/&lt;/span&gt;&lt;span style=&quot;font-family:宋体&quot;&gt;㎡·月 &lt;/span&gt;&lt;/span&gt;&lt;/p&gt;&lt;p style=&quot;text-align:justify;text-justify:inter-ideograph&quot;&gt;&lt;strong&gt;&lt;span style=&quot;font-family: 宋体;font-size: 14px&quot;&gt;&lt;span style=&quot;font-family:宋体&quot;&gt;楼层状况&lt;/span&gt;&lt;/span&gt;&lt;/strong&gt;&lt;span style=&quot;font-family: 宋体;font-size: 14px&quot;&gt;&lt;span style=&quot;font-family:宋体&quot;&gt;：地上&lt;/span&gt;9&lt;span style=&quot;font-family:宋体&quot;&gt;层，地下&lt;/span&gt;&lt;span style=&quot;font-family:Calibri&quot;&gt;3&lt;/span&gt;&lt;span style=&quot;font-family:宋体&quot;&gt;层，总户数约&lt;/span&gt;&lt;span style=&quot;font-family:Calibri&quot;&gt;1357&lt;/span&gt;&lt;span style=&quot;font-family:宋体&quot;&gt;户，主推约&lt;/span&gt;&lt;span style=&quot;font-family:Calibri&quot;&gt;33&lt;/span&gt;&lt;span style=&quot;font-family:宋体&quot;&gt;平米、&lt;/span&gt;&lt;span style=&quot;font-family:Calibri&quot;&gt;44&lt;/span&gt;&lt;span style=&quot;font-family:宋体&quot;&gt;平米平层及复式产品等&lt;/span&gt;&lt;/span&gt;&lt;/p&gt;&lt;p&gt;&lt;br/&gt;&lt;/p&gt;', '城里位于湖里区长浩东路麦德龙旁，占地12000㎡，总建约64000㎡。项目规划有1357户，主推约33平方米、44平方米平层及复式产品。 项目位于石鼓山立交西侧，麦德龙东侧，交通网络发达。周边已有麦德龙，翔鹭酒店、闽南古镇等配套。', '2.3万-3.3万', '3', '3', '4', '5', '9', '10', '0.6%', '/uploads/loupan/2017-12-09/5a2bcec719daa.jpg', '长浩东路麦德龙旁', '1', '0', '1497110400', '1528473600', '33-44', '1', null);
INSERT INTO `loupan` VALUES ('10', '达达自由城', '&lt;p style=&quot;text-align:justify;text-justify:inter-ideograph&quot;&gt;&lt;span style=&quot;font-family: 宋体;font-size: 14px&quot;&gt;&lt;span style=&quot;font-family:宋体&quot;&gt;在售产品：&lt;/span&gt;42&lt;span style=&quot;font-family:宋体&quot;&gt;㎡&lt;/span&gt;&lt;span style=&quot;font-family:Calibri&quot;&gt;-56&lt;/span&gt;&lt;span style=&quot;font-family:宋体&quot;&gt;㎡&lt;/span&gt;&lt;/span&gt;&lt;/p&gt;&lt;p style=&quot;text-align:justify;text-justify:inter-ideograph&quot;&gt;&lt;span style=&quot;font-family: 宋体;font-size: 14px&quot;&gt;&lt;span style=&quot;font-family:宋体&quot;&gt;产品均价：&lt;/span&gt;15000&lt;span style=&quot;font-family:宋体&quot;&gt;元&lt;/span&gt;&lt;span style=&quot;font-family:Calibri&quot;&gt;/&lt;/span&gt;&lt;span style=&quot;font-family:宋体&quot;&gt;㎡&lt;/span&gt;&lt;/span&gt;&lt;/p&gt;&lt;p style=&quot;text-align:justify;text-justify:inter-ideograph&quot;&gt;&lt;span style=&quot;font-family: 宋体;font-size: 14px&quot;&gt;&lt;span style=&quot;font-family:宋体&quot;&gt;销售状态&lt;/span&gt;:&lt;span style=&quot;font-family:宋体&quot;&gt;在售&lt;/span&gt;&lt;/span&gt;&lt;/p&gt;&lt;p style=&quot;text-align:justify;text-justify:inter-ideograph&quot;&gt;&lt;span style=&quot;font-family: 宋体;font-size: 14px&quot;&gt;&lt;span style=&quot;font-family:宋体&quot;&gt;产全性质：集体产权&lt;/span&gt;40&lt;span style=&quot;font-family:宋体&quot;&gt;年&lt;/span&gt;&lt;/span&gt;&lt;/p&gt;&lt;p style=&quot;text-align:justify;text-justify:inter-ideograph&quot;&gt;&lt;span style=&quot;font-family: 宋体;font-size: 14px&quot;&gt;&lt;span style=&quot;font-family:宋体&quot;&gt;楼盘地址：海沧南海三路&lt;/span&gt;600&lt;span style=&quot;font-family:宋体&quot;&gt;号&lt;/span&gt;&lt;/span&gt;&lt;/p&gt;&lt;p style=&quot;text-align:justify;text-justify:inter-ideograph&quot;&gt;&lt;span style=&quot;font-family: 宋体;font-size: 14px&quot;&gt;&lt;span style=&quot;font-family:宋体&quot;&gt;建筑面积：&lt;/span&gt;6&lt;span style=&quot;font-family:宋体&quot;&gt;万平，&lt;/span&gt;&lt;/span&gt;&lt;/p&gt;&lt;p style=&quot;text-align:justify;text-justify:inter-ideograph&quot;&gt;&lt;span style=&quot;font-family: 宋体;font-size: 14px&quot;&gt;&lt;span style=&quot;font-family:宋体&quot;&gt;交房时间：&lt;/span&gt;2018.12.3&lt;/span&gt;&lt;/p&gt;&lt;p style=&quot;text-align:justify;text-justify:inter-ideograph&quot;&gt;&lt;span style=&quot;font-family: 宋体;font-size: 14px&quot;&gt;&lt;span style=&quot;font-family:宋体&quot;&gt;装修：高档&lt;/span&gt;&lt;/span&gt;&lt;/p&gt;&lt;p style=&quot;text-align:justify;text-justify:inter-ideograph&quot;&gt;&lt;span style=&quot;font-family: 宋体;font-size: 14px&quot;&gt;&lt;span style=&quot;font-family:宋体&quot;&gt;电梯：&lt;/span&gt;6&lt;span style=&quot;font-family:宋体&quot;&gt;梯&lt;/span&gt;&lt;span style=&quot;font-family:Calibri&quot;&gt;32&lt;/span&gt;&lt;span style=&quot;font-family:宋体&quot;&gt;户&lt;/span&gt;&lt;/span&gt;&lt;/p&gt;&lt;p style=&quot;text-align:justify;text-justify:inter-ideograph&quot;&gt;&lt;span style=&quot;font-family: 宋体;font-size: 14px&quot;&gt;&lt;span style=&quot;font-family:宋体&quot;&gt;户数：&lt;/span&gt;510&lt;/span&gt;&lt;/p&gt;&lt;p style=&quot;text-align:justify;text-justify:inter-ideograph&quot;&gt;&lt;span style=&quot;font-family: 宋体;font-size: 14px&quot;&gt;&lt;span style=&quot;font-family:宋体&quot;&gt;栋数：&lt;/span&gt;4&lt;span style=&quot;font-family:宋体&quot;&gt;栋&lt;/span&gt;&lt;/span&gt;&lt;/p&gt;&lt;p style=&quot;text-align:justify;text-justify:inter-ideograph&quot;&gt;&lt;span style=&quot;font-family: 宋体;font-size: 14px&quot;&gt;&lt;span style=&quot;font-family:宋体&quot;&gt;层高：&lt;/span&gt;6&lt;span style=&quot;font-family:宋体&quot;&gt;米&lt;/span&gt;&lt;/span&gt;&lt;/p&gt;&lt;p style=&quot;text-align:justify;text-justify:inter-ideograph&quot;&gt;&lt;span style=&quot;font-family: Tahoma;letter-spacing: 0;font-size: 14px;background: rgb(248, 248, 248)&quot;&gt;&lt;span style=&quot;font-family:Tahoma&quot;&gt;物业费：&lt;/span&gt;3&lt;/span&gt;&lt;span style=&quot;font-family: 宋体;letter-spacing: 0;font-size: 14px;background: rgb(248, 248, 248)&quot;&gt;&lt;span style=&quot;font-family:宋体&quot;&gt;元&lt;/span&gt;&lt;/span&gt;&lt;/p&gt;&lt;p style=&quot;text-align:justify;text-justify:inter-ideograph&quot;&gt;&lt;span style=&quot;font-family: 宋体;letter-spacing: 0;font-size: 14px;background: rgb(248, 248, 248)&quot;&gt;&lt;span style=&quot;font-family:宋体&quot;&gt;交通：八条公交线&lt;/span&gt;&lt;/span&gt;&lt;/p&gt;&lt;p style=&quot;text-align:justify;text-justify:inter-ideograph&quot;&gt;&lt;span style=&quot;font-family: 宋体;letter-spacing: 0;font-size: 14px;background: rgb(248, 248, 248)&quot;&gt;&lt;span style=&quot;font-family:宋体&quot;&gt;商业配套&lt;/span&gt;:&lt;span style=&quot;font-family:宋体&quot;&gt;阿罗海，大润发，永辉超市&lt;/span&gt;&lt;/span&gt;&lt;/p&gt;&lt;p&gt;&lt;br/&gt;&lt;/p&gt;', '', '15000', '2', '3', '2', '4', '9', '12', '2.5%', '/uploads/loupan/2017-12-09/5a2bd3425aea1.jpg', '海沧南海三路600号', '1', '0', '1420041600', '1543593600', '42-56', '1', null);
INSERT INTO `loupan` VALUES ('11', '海沧万科城', '&lt;p style=&quot;text-align:justify;text-justify:inter-ideograph&quot;&gt;&lt;span style=&quot;font-family: 宋体;font-size: 14px&quot;&gt;&lt;span style=&quot;font-family:宋体&quot;&gt;在售户型&lt;/span&gt;:&lt;/span&gt;&lt;span style=&quot;font-family: 宋体;font-size: 14px&quot;&gt;57&lt;span style=&quot;font-family:宋体&quot;&gt;平复式公寓&lt;/span&gt;&lt;/span&gt;&lt;/p&gt;&lt;p style=&quot;text-align:justify;text-justify:inter-ideograph&quot;&gt;&lt;span style=&quot;font-family: 宋体;font-size: 14px&quot;&gt;&lt;span style=&quot;font-family:宋体&quot;&gt;楼盘均价&lt;/span&gt;;&lt;/span&gt;&lt;span style=&quot;font-family: 宋体;font-size: 14px&quot;&gt;24000&lt;span style=&quot;font-family:宋体&quot;&gt;元&lt;/span&gt;&lt;span style=&quot;font-family:Calibri&quot;&gt;/&lt;/span&gt;&lt;span style=&quot;font-family:宋体&quot;&gt;平带&lt;/span&gt;&lt;span style=&quot;font-family:Calibri&quot;&gt;2200&lt;/span&gt;&lt;span style=&quot;font-family:宋体&quot;&gt;元&lt;/span&gt;&lt;span style=&quot;font-family:Calibri&quot;&gt;/&lt;/span&gt;&lt;span style=&quot;font-family:宋体&quot;&gt;㎡精装修&lt;/span&gt;&lt;/span&gt;&lt;/p&gt;&lt;p style=&quot;text-align:justify;text-justify:inter-ideograph&quot;&gt;&lt;span style=&quot;font-family: 宋体;font-size: 14px&quot;&gt;&lt;span style=&quot;font-family:宋体&quot;&gt;物业类别：&lt;/span&gt; &lt;span style=&quot;font-family:宋体&quot;&gt;普通住宅&lt;/span&gt; &lt;/span&gt;&lt;/p&gt;&lt;p style=&quot;text-align:justify;text-justify:inter-ideograph&quot;&gt;&lt;span style=&quot;font-family: 宋体;font-size: 14px&quot;&gt;&lt;span style=&quot;font-family:宋体&quot;&gt;建筑类别：&lt;/span&gt; &lt;span style=&quot;font-family:宋体&quot;&gt;板楼&lt;/span&gt; &lt;span style=&quot;font-family:宋体&quot;&gt;多层&lt;/span&gt; &lt;span style=&quot;font-family:宋体&quot;&gt;高层&lt;/span&gt; &lt;/span&gt;&lt;/p&gt;&lt;p style=&quot;text-align:justify;text-justify:inter-ideograph&quot;&gt;&lt;span style=&quot;font-family: 宋体;font-size: 14px&quot;&gt;&lt;span style=&quot;font-family:宋体&quot;&gt;装修状况：&lt;/span&gt; &lt;/span&gt;&lt;span style=&quot;font-family: 宋体;font-size: 14px&quot;&gt;&lt;span style=&quot;font-family:宋体&quot;&gt;精装修&lt;/span&gt;&lt;/span&gt;&lt;/p&gt;&lt;p style=&quot;text-align:justify;text-justify:inter-ideograph&quot;&gt;&lt;span style=&quot;font-family: 宋体;font-size: 14px&quot;&gt;&lt;span style=&quot;font-family:宋体&quot;&gt;产权年限：&lt;/span&gt;&lt;/span&gt;&lt;span style=&quot;font-family: 宋体;font-size: 14px&quot;&gt;&lt;span style=&quot;font-family:宋体&quot;&gt;商住公寓&lt;/span&gt;5&lt;/span&gt;&lt;span style=&quot;font-family: 宋体;font-size: 14px&quot;&gt;0&lt;span style=&quot;font-family:宋体&quot;&gt;年&lt;/span&gt;&lt;/span&gt;&lt;/p&gt;&lt;p style=&quot;text-align:justify;text-justify:inter-ideograph&quot;&gt;&lt;span style=&quot;font-family: 宋体;font-size: 14px&quot;&gt;&lt;span style=&quot;font-family:宋体&quot;&gt;开发&lt;/span&gt; &lt;span style=&quot;font-family:宋体&quot;&gt;商：厦门市万科马銮湾置业有限公司&lt;/span&gt;[&lt;span style=&quot;font-family:宋体&quot;&gt;房企申请入驻&lt;/span&gt;&lt;span style=&quot;font-family:Calibri&quot;&gt;]&lt;/span&gt;&lt;/span&gt;&lt;/p&gt;&lt;p style=&quot;text-align:justify;text-justify:inter-ideograph&quot;&gt;&lt;span style=&quot;font-family: 宋体;font-size: 14px&quot;&gt;&lt;span style=&quot;font-family:宋体&quot;&gt;楼盘地址：翁角路与新阳大桥交叉口西北侧地块（夏新工业园东侧）&lt;/span&gt;&lt;/span&gt;&lt;/p&gt;&lt;p style=&quot;text-align:justify;text-justify:inter-ideograph&quot;&gt;&lt;span style=&quot;font-family: 宋体;font-size: 14px&quot;&gt;&lt;span style=&quot;font-family:宋体&quot;&gt;销售状态：&lt;/span&gt; &lt;span style=&quot;font-family:宋体&quot;&gt;在售&lt;/span&gt;&lt;/span&gt;&lt;/p&gt;&lt;p style=&quot;text-align:justify;text-justify:inter-ideograph&quot;&gt;&lt;span style=&quot;font-family: 宋体;font-size: 14px&quot;&gt;&lt;span style=&quot;font-family:宋体&quot;&gt;楼盘优惠：&lt;/span&gt; &lt;span style=&quot;font-family:宋体&quot;&gt;暂无&lt;/span&gt; &lt;/span&gt;&lt;/p&gt;&lt;p style=&quot;text-align:justify;text-justify:inter-ideograph&quot;&gt;&lt;span style=&quot;font-family: 宋体;font-size: 14px&quot;&gt;&lt;span style=&quot;font-family:宋体&quot;&gt;开盘时间：&lt;/span&gt;2016&lt;span style=&quot;font-family:宋体&quot;&gt;年&lt;/span&gt;&lt;span style=&quot;font-family:Calibri&quot;&gt;12&lt;/span&gt;&lt;span style=&quot;font-family:宋体&quot;&gt;月&lt;/span&gt;&lt;span style=&quot;font-family:Calibri&quot;&gt;3&lt;/span&gt;&lt;span style=&quot;font-family:宋体&quot;&gt;日推出&lt;/span&gt;&lt;span style=&quot;font-family:Calibri&quot;&gt;39#&lt;/span&gt;&lt;span style=&quot;font-family:宋体&quot;&gt;楼&lt;/span&gt;&lt;span style=&quot;font-family:Calibri&quot;&gt;[&lt;/span&gt;&lt;/span&gt;&lt;/p&gt;&lt;p style=&quot;text-align:justify;text-justify:inter-ideograph&quot;&gt;&lt;span style=&quot;font-family: 宋体;font-size: 14px&quot;&gt;&lt;span style=&quot;font-family:宋体&quot;&gt;交房时间：&lt;/span&gt;39#&lt;span style=&quot;font-family:宋体&quot;&gt;楼预计&lt;/span&gt;&lt;span style=&quot;font-family:Calibri&quot;&gt;2018&lt;/span&gt;&lt;span style=&quot;font-family:宋体&quot;&gt;年&lt;/span&gt;&lt;span style=&quot;font-family:Calibri&quot;&gt;12&lt;/span&gt;&lt;span style=&quot;font-family:宋体&quot;&gt;月交房&lt;/span&gt;&lt;/span&gt;&lt;/p&gt;&lt;p style=&quot;text-align:justify;text-justify:inter-ideograph&quot;&gt;&lt;span style=&quot;font-family: 宋体;font-size: 14px&quot;&gt;&lt;span style=&quot;font-family:宋体&quot;&gt;售楼地址：海沧区新阳大桥桥头&lt;/span&gt;&lt;/span&gt;&lt;/p&gt;&lt;p style=&quot;text-align:justify;text-justify:inter-ideograph&quot;&gt;&lt;span style=&quot;font-family: 宋体;font-size: 14px&quot;&gt;&lt;span style=&quot;font-family:宋体&quot;&gt;交通公交：&lt;/span&gt;890&lt;span style=&quot;font-family:宋体&quot;&gt;路、 &lt;/span&gt;&lt;span style=&quot;font-family:Calibri&quot;&gt;892&lt;/span&gt;&lt;span style=&quot;font-family:宋体&quot;&gt;路、&lt;/span&gt;&lt;span style=&quot;font-family:Calibri&quot;&gt;898&lt;/span&gt;&lt;span style=&quot;font-family:宋体&quot;&gt;路快运、&lt;/span&gt;&lt;span style=&quot;font-family:Calibri&quot;&gt;958&lt;/span&gt;&lt;span style=&quot;font-family:宋体&quot;&gt;路、 &lt;/span&gt;&lt;span style=&quot;font-family:Calibri&quot;&gt;981&lt;/span&gt;&lt;span style=&quot;font-family:宋体&quot;&gt;路、 &lt;/span&gt;&lt;span style=&quot;font-family:Calibri&quot;&gt;982&lt;/span&gt;&lt;span style=&quot;font-family:宋体&quot;&gt;路、 &lt;/span&gt;&lt;span style=&quot;font-family:Calibri&quot;&gt;988&lt;/span&gt;&lt;span style=&quot;font-family:宋体&quot;&gt;路到海沧万科城站下车。 &lt;/span&gt;&lt;/span&gt;&lt;/p&gt;&lt;p style=&quot;text-align:justify;text-justify:inter-ideograph&quot;&gt;&lt;span style=&quot;font-family: 宋体;font-size: 14px&quot;&gt;&lt;span style=&quot;font-family:宋体&quot;&gt;驾车：通过马青路、新阳大桥和海沧大桥能够快速到达岛内及集美商业区域。&lt;/span&gt;&lt;/span&gt;&lt;/p&gt;&lt;p style=&quot;text-align:justify;text-justify:inter-ideograph&quot;&gt;&lt;span style=&quot;font-family: 宋体;font-size: 14px&quot;&gt;&lt;span style=&quot;font-family:宋体&quot;&gt;幼儿园&lt;/span&gt;&lt;/span&gt;&lt;span style=&quot;font-family: 宋体;font-size: 14px&quot;&gt;&lt;span style=&quot;font-family:宋体&quot;&gt;：&lt;/span&gt;&lt;/span&gt;&lt;span style=&quot;font-family: 宋体;font-size: 14px&quot;&gt;&lt;span style=&quot;font-family:宋体&quot;&gt;社区二期万科代建的公立幼儿园&lt;/span&gt;&lt;/span&gt;&lt;/p&gt;&lt;p style=&quot;text-align:justify;text-justify:inter-ideograph&quot;&gt;&lt;span style=&quot;font-family: 宋体;font-size: 14px&quot;&gt;&lt;span style=&quot;font-family:宋体&quot;&gt;中小学&lt;/span&gt;&lt;/span&gt;&lt;span style=&quot;font-family: 宋体;font-size: 14px&quot;&gt;:&lt;/span&gt;&lt;span style=&quot;font-family: 宋体;font-size: 14px&quot;&gt;&lt;span style=&quot;font-family:宋体&quot;&gt;霞阳小学、海沧中学新阳校区、海沧教师进修学校附属学校（九年制学校在建）&lt;/span&gt;&lt;/span&gt;&lt;/p&gt;&lt;p style=&quot;text-align:justify;text-justify:inter-ideograph&quot;&gt;&lt;span style=&quot;font-family: 宋体;font-size: 14px&quot;&gt;&lt;span style=&quot;font-family:宋体&quot;&gt;综合商场商业配套：小型超市、悦实广场、夏商百货、永辉超市（新阳店）、&lt;/span&gt;3.8&lt;span style=&quot;font-family:宋体&quot;&gt;万㎡商业中心；&lt;/span&gt;&lt;/span&gt;&lt;/p&gt;&lt;p style=&quot;text-align:justify;text-justify:inter-ideograph&quot;&gt;&lt;span style=&quot;font-family: 宋体;font-size: 14px&quot;&gt;&lt;span style=&quot;font-family:宋体&quot;&gt;医院&lt;/span&gt;&lt;/span&gt;&lt;span style=&quot;font-family: 宋体;font-size: 14px&quot;&gt;:&lt;/span&gt;&lt;span style=&quot;font-family: 宋体;font-size: 14px&quot;&gt;&lt;span style=&quot;font-family:宋体&quot;&gt;新阳医院&lt;/span&gt; &lt;span style=&quot;font-family:宋体&quot;&gt;长庚医院&lt;/span&gt; &lt;span style=&quot;font-family:宋体&quot;&gt;海沧医院&lt;/span&gt;&lt;/span&gt;&lt;/p&gt;&lt;p style=&quot;text-align:justify;text-justify:inter-ideograph&quot;&gt;&lt;span style=&quot;font-family: 宋体;font-size: 14px&quot;&gt;&lt;span style=&quot;font-family:宋体&quot;&gt;银行&lt;/span&gt;&lt;/span&gt;&lt;span style=&quot;font-family: 宋体;font-size: 14px&quot;&gt;:&lt;/span&gt;&lt;span style=&quot;font-family: 宋体;font-size: 14px&quot;&gt;&lt;span style=&quot;font-family:宋体&quot;&gt;工商银行&lt;/span&gt; &lt;span style=&quot;font-family:宋体&quot;&gt;建设银行&lt;/span&gt; &lt;span style=&quot;font-family:宋体&quot;&gt;中国银行&lt;/span&gt;&lt;/span&gt;&lt;/p&gt;&lt;p style=&quot;text-align:justify;text-justify:inter-ideograph&quot;&gt;&lt;span style=&quot;font-family: 宋体;font-size: 14px&quot;&gt;&lt;span style=&quot;font-family:宋体&quot;&gt;邮政&lt;/span&gt;&lt;/span&gt;&lt;span style=&quot;font-family: 宋体;font-size: 14px&quot;&gt;&lt;span style=&quot;font-family:宋体&quot;&gt;；&lt;/span&gt;&lt;/span&gt;&lt;span style=&quot;font-family: 宋体;font-size: 14px&quot;&gt;&lt;span style=&quot;font-family:宋体&quot;&gt;新阳邮政储蓄&lt;/span&gt;&lt;/span&gt;&lt;/p&gt;&lt;p style=&quot;text-align:justify;text-justify:inter-ideograph&quot;&gt;&lt;span style=&quot;font-family: 宋体;font-size: 14px&quot;&gt;&lt;span style=&quot;font-family:宋体&quot;&gt;其他景观配套：生态园林、高尔夫球场、马銮湾湿地公园、蔡尖尾山公园。&lt;/span&gt;&lt;/span&gt;&lt;/p&gt;&lt;p style=&quot;text-align:justify;text-justify:inter-ideograph&quot;&gt;&lt;span style=&quot;font-family: 宋体;font-size: 14px&quot;&gt;&lt;span style=&quot;font-family:宋体&quot;&gt;占地面积：&lt;/span&gt;189752&lt;span style=&quot;font-family:宋体&quot;&gt;平方米&lt;/span&gt;&lt;/span&gt;&lt;/p&gt;&lt;p style=&quot;text-align:justify;text-justify:inter-ideograph&quot;&gt;&lt;span style=&quot;font-family: 宋体;font-size: 14px&quot;&gt;&lt;span style=&quot;font-family:宋体&quot;&gt;建筑面积：&lt;/span&gt;517690&lt;span style=&quot;font-family:宋体&quot;&gt;平方米&lt;/span&gt;&lt;/span&gt;&lt;/p&gt;&lt;p style=&quot;text-align:justify;text-justify:inter-ideograph&quot;&gt;&lt;span style=&quot;font-family: 宋体;font-size: 14px&quot;&gt;&lt;span style=&quot;font-family:宋体&quot;&gt;容积率：&lt;/span&gt;2.70 &amp;nbsp;&lt;/span&gt;&lt;/p&gt;&lt;p style=&quot;text-align:justify;text-justify:inter-ideograph&quot;&gt;&lt;span style=&quot;font-family: 宋体;font-size: 14px&quot;&gt;&lt;span style=&quot;font-family:宋体&quot;&gt;绿化率：&lt;/span&gt;38%&lt;/span&gt;&lt;/p&gt;&lt;p style=&quot;text-align:justify;text-justify:inter-ideograph&quot;&gt;&lt;span style=&quot;font-family: 宋体;font-size: 14px&quot;&gt;&lt;span style=&quot;font-family:宋体&quot;&gt;停车位：共&lt;/span&gt;3072&lt;span style=&quot;font-family:宋体&quot;&gt;个地下停车位&lt;/span&gt;&lt;/span&gt;&lt;/p&gt;&lt;p style=&quot;text-align:justify;text-justify:inter-ideograph&quot;&gt;&lt;span style=&quot;font-family: 宋体;font-size: 14px&quot;&gt;&lt;span style=&quot;font-family:宋体&quot;&gt;楼栋总数：&lt;/span&gt;47&lt;span style=&quot;font-family:宋体&quot;&gt;栋&lt;/span&gt;&lt;/span&gt;&lt;/p&gt;&lt;p style=&quot;text-align:justify;text-justify:inter-ideograph&quot;&gt;&lt;span style=&quot;font-family: 宋体;font-size: 14px&quot;&gt;&lt;span style=&quot;font-family:宋体&quot;&gt;总户数：&lt;/span&gt;4800&lt;span style=&quot;font-family:宋体&quot;&gt;户&lt;/span&gt;&lt;/span&gt;&lt;/p&gt;&lt;p style=&quot;text-align:justify;text-justify:inter-ideograph&quot;&gt;&lt;span style=&quot;font-family: 宋体;font-size: 14px&quot;&gt;&lt;span style=&quot;font-family:宋体&quot;&gt;物业公司：厦门市万科物业管理有限公司&lt;/span&gt;&lt;/span&gt;&lt;/p&gt;&lt;p style=&quot;text-align:justify;text-justify:inter-ideograph&quot;&gt;&lt;span style=&quot;font-family: 宋体;font-size: 14px&quot;&gt;&lt;span style=&quot;font-family:宋体&quot;&gt;物业费：&lt;/span&gt;2.68&lt;span style=&quot;font-family:宋体&quot;&gt;元&lt;/span&gt;&lt;span style=&quot;font-family:Calibri&quot;&gt;/&lt;/span&gt;&lt;span style=&quot;font-family:宋体&quot;&gt;㎡·月 &lt;/span&gt;&lt;/span&gt;&lt;/p&gt;&lt;p style=&quot;text-align:justify;text-justify:inter-ideograph&quot;&gt;&lt;span style=&quot;font-family: 宋体;font-size: 14px&quot;&gt;&lt;span style=&quot;font-family:宋体&quot;&gt;物业费描述：高层住宅（&lt;/span&gt;2#&lt;span style=&quot;font-family:宋体&quot;&gt;、&lt;/span&gt;&lt;span style=&quot;font-family:Calibri&quot;&gt;3#&lt;/span&gt;&lt;span style=&quot;font-family:宋体&quot;&gt;、&lt;/span&gt;&lt;span style=&quot;font-family:Calibri&quot;&gt;5#&lt;/span&gt;&lt;span style=&quot;font-family:宋体&quot;&gt;）&lt;/span&gt;&lt;span style=&quot;font-family:Calibri&quot;&gt;2.68 &lt;/span&gt;&lt;span style=&quot;font-family:宋体&quot;&gt;元&lt;/span&gt;&lt;span style=&quot;font-family:Calibri&quot;&gt;/&lt;/span&gt;&lt;span style=&quot;font-family:宋体&quot;&gt;平方米·月；小高层（&lt;/span&gt;&lt;span style=&quot;font-family:Calibri&quot;&gt;6#-8#&lt;/span&gt;&lt;span style=&quot;font-family:宋体&quot;&gt;、&lt;/span&gt;&lt;span style=&quot;font-family:Calibri&quot;&gt;10#&lt;/span&gt;&lt;span style=&quot;font-family:宋体&quot;&gt;、&lt;/span&gt;&lt;span style=&quot;font-family:Calibri&quot;&gt;11#&lt;/span&gt;&lt;span style=&quot;font-family:宋体&quot;&gt;）&lt;/span&gt;&lt;span style=&quot;font-family:Calibri&quot;&gt;2.98&lt;/span&gt;&lt;span style=&quot;font-family:宋体&quot;&gt;元&lt;/span&gt;&lt;span style=&quot;font-family:Calibri&quot;&gt;/&lt;/span&gt;&lt;span style=&quot;font-family:宋体&quot;&gt;平方米·月。外加公维费&lt;/span&gt;&lt;span style=&quot;font-family:Calibri&quot;&gt;0.35 &lt;/span&gt;&lt;span style=&quot;font-family:宋体&quot;&gt;元&lt;/span&gt;&lt;span style=&quot;font-family:Calibri&quot;&gt;/&lt;/span&gt;&lt;span style=&quot;font-family:宋体&quot;&gt;平方米·月，车位&lt;/span&gt;&lt;span style=&quot;font-family:Calibri&quot;&gt;5&lt;/span&gt;&lt;span style=&quot;font-family:宋体&quot;&gt;元&lt;/span&gt;&lt;span style=&quot;font-family:Calibri&quot;&gt;/&lt;/span&gt;&lt;span style=&quot;font-family:宋体&quot;&gt;个&lt;/span&gt;&lt;span style=&quot;font-family:Calibri&quot;&gt;.&lt;/span&gt;&lt;span style=&quot;font-family:宋体&quot;&gt;月&lt;/span&gt;&lt;/span&gt;&lt;/p&gt;&lt;p&gt;&lt;br/&gt;&lt;/p&gt;', '海沧万科城位于马銮湾片区，地处海沧和杏林中心地带。项目北侧紧邻马銮湾，具备一定湾景资源，东侧紧邻东方高尔夫球场（厦门现有的高尔夫球场）。 海沧万科城周边基本配套较为完善：在交通方面，海沧万科城四周交通有马青路、翁角路、霞飞路等主干道，还有新阳大桥、海沧隧道、海沧大桥接驳岛内外，交通优势不言而喻。 在生活、教育配套方面，海沧万科城周边有工商银行、农村信用社、长庚医院、小型超市、步行街、幼儿园、中小学（霞阳小学、新阳中学）等。同时，海沧万科城南面是石室禅院，面向马銮海湾，背靠玳瑁山、享有海景景观资源。', '24000', '3', '3', '2', '4', '9', '12', '0.6%', '/uploads/loupan/2017-12-09/5a2bd66cb2ca0.jpg', '翁角路与新阳大桥交叉口西北侧地块（夏新工业园东侧）', '1', '0', '1480694400', '1543593600', '57平复式公寓', '1', null);
INSERT INTO `loupan` VALUES ('12', '金苑假日公馆', '&lt;p&gt;&lt;span style=&quot;;font-family:宋体;font-size:14px&quot;&gt;&lt;span style=&quot;font-family:宋体&quot;&gt;楼盘名称：金苑假日公馆&lt;/span&gt; &lt;/span&gt;&lt;/p&gt;&lt;p&gt;&lt;span style=&quot;;font-family:宋体;font-size:14px&quot;&gt;&lt;span style=&quot;font-family:宋体&quot;&gt;所属区域&lt;/span&gt; &lt;span style=&quot;font-family:宋体&quot;&gt;：福建&lt;/span&gt; &lt;span style=&quot;font-family:宋体&quot;&gt;厦门&lt;/span&gt; &lt;span style=&quot;font-family:宋体&quot;&gt;湖里区&lt;/span&gt; &lt;/span&gt;&lt;/p&gt;&lt;p&gt;&lt;span style=&quot;;font-family:宋体;font-size:14px&quot;&gt;&lt;span style=&quot;font-family:宋体&quot;&gt;楼盘类型：公寓&lt;/span&gt;&lt;/span&gt;&lt;span style=&quot;;font-family:宋体;font-size:14px&quot;&gt;50&lt;span style=&quot;font-family:宋体&quot;&gt;年&lt;/span&gt;&lt;/span&gt;&lt;span style=&quot;;font-family:宋体;font-size:14px&quot;&gt;&amp;nbsp;&lt;/span&gt;&lt;/p&gt;&lt;p&gt;&lt;span style=&quot;;font-family:宋体;font-size:14px&quot;&gt;&lt;span style=&quot;font-family:宋体&quot;&gt;在售户型：&lt;/span&gt;61&lt;span style=&quot;font-family:宋体&quot;&gt;㎡ 一房一厅 &amp;nbsp;&amp;nbsp;&lt;/span&gt;&lt;span style=&quot;font-family:Calibri&quot;&gt;85&lt;/span&gt;&lt;span style=&quot;font-family:宋体&quot;&gt;㎡、&lt;/span&gt;&lt;span style=&quot;font-family:Calibri&quot;&gt;90&lt;/span&gt;&lt;span style=&quot;font-family:宋体&quot;&gt;㎡、 二房&lt;/span&gt;&lt;/span&gt;&lt;/p&gt;&lt;p&gt;&lt;span style=&quot;;font-family:宋体;font-size:14px&quot;&gt;&lt;span style=&quot;font-family:宋体&quot;&gt;最新价格：&lt;/span&gt;20000-23000&lt;span style=&quot;font-family:宋体&quot;&gt;元&lt;/span&gt;&lt;span style=&quot;font-family:Calibri&quot;&gt;/&lt;/span&gt;&lt;span style=&quot;font-family:宋体&quot;&gt;㎡ &lt;/span&gt;&lt;/span&gt;&lt;/p&gt;&lt;p&gt;&lt;span style=&quot;;font-family:宋体;font-size:14px&quot;&gt;&lt;span style=&quot;font-family:宋体&quot;&gt;开盘价格：&lt;/span&gt;23000&lt;span style=&quot;font-family:宋体&quot;&gt;元&lt;/span&gt;&lt;span style=&quot;font-family:Calibri&quot;&gt;/m&lt;/span&gt;&lt;span style=&quot;font-family:宋体&quot;&gt;² &lt;/span&gt;&lt;/span&gt;&lt;/p&gt;&lt;p&gt;&lt;span style=&quot;;font-family:宋体;font-size:14px&quot;&gt;&lt;span style=&quot;font-family:宋体&quot;&gt;开发商名称：英特华&lt;/span&gt; &lt;/span&gt;&lt;/p&gt;&lt;p&gt;&lt;span style=&quot;;font-family:宋体;font-size:14px&quot;&gt;&lt;span style=&quot;font-family:宋体&quot;&gt;楼盘地址：厦门湖里后埔三路&lt;/span&gt;432&lt;span style=&quot;font-family:宋体&quot;&gt;号 &lt;/span&gt;&lt;/span&gt;&lt;/p&gt;&lt;p&gt;&lt;span style=&quot;;font-family:宋体;font-size:14px&quot;&gt;&lt;span style=&quot;font-family:宋体&quot;&gt;售楼处地址：厦门湖里后埔三路&lt;/span&gt;432&lt;span style=&quot;font-family:宋体&quot;&gt;号 &lt;/span&gt;&lt;/span&gt;&lt;/p&gt;&lt;p&gt;&lt;span style=&quot;;font-family:宋体;font-size:14px&quot;&gt;&lt;span style=&quot;font-family:宋体&quot;&gt;楼层&lt;/span&gt;&lt;/span&gt;&lt;span style=&quot;;font-family:宋体;font-size:14px&quot;&gt;;&lt;/span&gt;&lt;span style=&quot;;font-family:宋体;font-size:14px&quot;&gt;&lt;span style=&quot;font-family:宋体&quot;&gt;共&lt;/span&gt;12&lt;span style=&quot;font-family:宋体&quot;&gt;层&lt;/span&gt;&lt;/span&gt;&lt;/p&gt;&lt;p&gt;&lt;span style=&quot;;font-family:宋体;font-size:14px&quot;&gt;&lt;span style=&quot;font-family:宋体&quot;&gt;装修&lt;/span&gt;&lt;/span&gt;&lt;span style=&quot;;font-family:宋体;font-size:14px&quot;&gt;;&lt;/span&gt;&lt;span style=&quot;;font-family:宋体;font-size:14px&quot;&gt;&lt;span style=&quot;font-family:宋体&quot;&gt;豪华装修&lt;/span&gt;&lt;/span&gt;&lt;/p&gt;&lt;p&gt;&lt;span style=&quot;;font-family:宋体;font-size:14px&quot;&gt;&lt;span style=&quot;font-family:宋体&quot;&gt;开盘日期：&lt;/span&gt;&lt;/span&gt;&lt;/p&gt;&lt;p&gt;&lt;span style=&quot;;font-family:宋体;font-size:14px&quot;&gt;&lt;span style=&quot;font-family:宋体&quot;&gt;入住日期：&lt;/span&gt;&lt;/span&gt;&lt;/p&gt;&lt;p&gt;&lt;span style=&quot;;font-family:宋体;font-size:14px&quot;&gt;&lt;span style=&quot;font-family:宋体&quot;&gt;销售状态：预售&lt;/span&gt; &lt;/span&gt;&lt;/p&gt;&lt;p&gt;&lt;br/&gt;&lt;/p&gt;', '', '20000-23000', '3', '3', '2', '4', '9', '11', '1.5%', '/uploads/loupan/2017-12-09/5a2bdaa9755cc.jpg', '厦门湖里后埔三路432号 ', '1', '0', '1483200000', '1512057600', '61、85、90', '2', '');
INSERT INTO `loupan` VALUES ('13', '罗宾森顶峰光辉', '&lt;p style=&quot;text-align:justify;text-justify:inter-ideograph&quot;&gt;&lt;span style=&quot;font-family: 宋体;font-size: 14px&quot;&gt;&lt;span style=&quot;font-family:宋体&quot;&gt;在售户型：&lt;/span&gt;&lt;/span&gt;&lt;span style=&quot;font-family: 宋体;font-size: 14px&quot;&gt;40-110m&lt;span style=&quot;font-family:宋体&quot;&gt;²&lt;/span&gt;&lt;/span&gt;&lt;/p&gt;&lt;p style=&quot;text-align:justify;text-justify:inter-ideograph&quot;&gt;&lt;span style=&quot;font-family: 宋体;font-size: 14px&quot;&gt;&lt;span style=&quot;font-family:宋体&quot;&gt;均价：&lt;/span&gt;&lt;/span&gt;&lt;span style=&quot;font-family: 宋体;font-size: 14px&quot;&gt;31000&lt;span style=&quot;font-family:宋体&quot;&gt;元&lt;/span&gt;&lt;/span&gt;&lt;/p&gt;&lt;p style=&quot;text-align:justify;text-justify:inter-ideograph&quot;&gt;&lt;span style=&quot;font-family: 宋体;font-size: 14px&quot;&gt;&lt;span style=&quot;font-family:宋体&quot;&gt;所属区域：思明&lt;/span&gt;&lt;/span&gt;&lt;/p&gt;&lt;p style=&quot;text-align:justify;text-justify:inter-ideograph&quot;&gt;&lt;span style=&quot;font-family: 宋体;font-size: 14px&quot;&gt;&lt;span style=&quot;font-family:宋体&quot;&gt;销售状态：新盘&lt;/span&gt;&lt;/span&gt;&lt;/p&gt;&lt;p style=&quot;text-align:justify;text-justify:inter-ideograph&quot;&gt;&lt;span style=&quot;font-family: 宋体;font-size: 14px&quot;&gt;&lt;span style=&quot;font-family:宋体&quot;&gt;楼盘地址：厦禾路与金榜路交叉口&lt;/span&gt;&lt;/span&gt;&lt;/p&gt;&lt;p style=&quot;text-align:justify;text-justify:inter-ideograph&quot;&gt;&lt;span style=&quot;font-family: 宋体;font-size: 14px&quot;&gt;&lt;span style=&quot;font-family:宋体&quot;&gt;开发商：顶峰房地产&lt;/span&gt;&lt;/span&gt;&lt;/p&gt;&lt;p style=&quot;text-align:justify;text-justify:inter-ideograph&quot;&gt;&lt;span style=&quot;font-family: 宋体;font-size: 14px&quot;&gt;&lt;span style=&quot;font-family:宋体&quot;&gt;产权年限：&lt;/span&gt;&lt;/span&gt;&lt;span style=&quot;font-family: 宋体;font-size: 14px&quot;&gt;&lt;span style=&quot;font-family:宋体&quot;&gt;写字楼&lt;/span&gt;&lt;/span&gt;&lt;span style=&quot;font-family: 宋体;font-size: 14px&quot;&gt;40&lt;span style=&quot;font-family:宋体&quot;&gt;年&lt;/span&gt;&lt;/span&gt;&lt;/p&gt;&lt;p style=&quot;text-align:justify;text-justify:inter-ideograph&quot;&gt;&lt;span style=&quot;font-family: 宋体;font-size: 14px&quot;&gt;&lt;span style=&quot;font-family:宋体&quot;&gt;销售信息&lt;/span&gt;&lt;/span&gt;&lt;span style=&quot;font-family: 宋体;font-size: 14px&quot;&gt;&lt;span style=&quot;font-family:宋体&quot;&gt;：&lt;/span&gt;&lt;/span&gt;&lt;span style=&quot;font-family: 宋体;font-size: 14px&quot;&gt;&lt;span style=&quot;font-family:宋体&quot;&gt;在售&lt;/span&gt;&lt;/span&gt;&lt;/p&gt;&lt;p style=&quot;text-align:justify;text-justify:inter-ideograph&quot;&gt;&lt;span style=&quot;font-family: 宋体;font-size: 14px&quot;&gt;&lt;span style=&quot;font-family:宋体&quot;&gt;开盘时间：&lt;/span&gt;2017&lt;span style=&quot;font-family:宋体&quot;&gt;年&lt;/span&gt;&lt;span style=&quot;font-family:Calibri&quot;&gt;9&lt;/span&gt;&lt;span style=&quot;font-family:宋体&quot;&gt;月&lt;/span&gt;&lt;span style=&quot;font-family:Calibri&quot;&gt;15&lt;/span&gt;&lt;span style=&quot;font-family:宋体&quot;&gt;日&lt;/span&gt;&lt;/span&gt;&lt;/p&gt;&lt;p style=&quot;text-align:justify;text-justify:inter-ideograph&quot;&gt;&lt;span style=&quot;font-family: 宋体;font-size: 14px&quot;&gt;&lt;span style=&quot;font-family:宋体&quot;&gt;项目类型：写字楼&lt;/span&gt;&lt;/span&gt;&lt;/p&gt;&lt;p style=&quot;text-align:justify;text-justify:inter-ideograph&quot;&gt;&lt;span style=&quot;font-family: 宋体;font-size: 14px&quot;&gt;&lt;span style=&quot;font-family:宋体&quot;&gt;总占地面积：&lt;/span&gt;2696&lt;span style=&quot;font-family:宋体&quot;&gt;平米&lt;/span&gt;&lt;/span&gt;&lt;/p&gt;&lt;p style=&quot;text-align:justify;text-justify:inter-ideograph&quot;&gt;&lt;span style=&quot;font-family: 宋体;font-size: 14px&quot;&gt;&lt;span style=&quot;font-family:宋体&quot;&gt;总建筑面积：&lt;/span&gt;71031&lt;span style=&quot;font-family:宋体&quot;&gt;平米&lt;/span&gt;&lt;/span&gt;&lt;/p&gt;&lt;p style=&quot;text-align:justify;text-justify:inter-ideograph&quot;&gt;&lt;span style=&quot;font-family: 宋体;font-size: 14px&quot;&gt;&lt;span style=&quot;font-family:宋体&quot;&gt;楼层状况：&lt;/span&gt;30&lt;span style=&quot;font-family:宋体&quot;&gt;层&lt;/span&gt;&lt;/span&gt;&lt;/p&gt;&lt;p style=&quot;text-align:justify;text-justify:inter-ideograph&quot;&gt;&lt;span style=&quot;font-family: 宋体;font-size: 14px&quot;&gt;&lt;span style=&quot;font-family:宋体&quot;&gt;朝向：南&lt;/span&gt;&lt;/span&gt;&lt;/p&gt;&lt;p style=&quot;text-align:justify;text-justify:inter-ideograph&quot;&gt;&lt;span style=&quot;font-family: 宋体;font-size: 14px&quot;&gt;&lt;span style=&quot;font-family:宋体&quot;&gt;装修情况：毛坯&lt;/span&gt;&lt;/span&gt;&lt;/p&gt;&lt;p style=&quot;text-align:justify;text-justify:inter-ideograph&quot;&gt;&lt;span style=&quot;font-family: 宋体;font-size: 14px&quot;&gt;&lt;span style=&quot;font-family:宋体&quot;&gt;交通：火车站、梧村汽车站、地铁&lt;/span&gt;3&lt;span style=&quot;font-family:宋体&quot;&gt;号线、&lt;/span&gt;&lt;span style=&quot;font-family:Calibri&quot;&gt;BRT&lt;/span&gt;&lt;span style=&quot;font-family:宋体&quot;&gt;、公交站皆在附近&lt;/span&gt;&lt;/span&gt;&lt;/p&gt;&lt;p style=&quot;text-align:justify;text-justify:inter-ideograph&quot;&gt;&lt;span style=&quot;font-family: 宋体;font-size: 14px&quot;&gt;&lt;span style=&quot;font-family:宋体&quot;&gt;医院：中山医院、&lt;/span&gt;174&lt;span style=&quot;font-family:宋体&quot;&gt;医院、第一医院等&lt;/span&gt;&lt;/span&gt;&lt;/p&gt;&lt;p style=&quot;text-align:justify;text-justify:inter-ideograph&quot;&gt;&lt;span style=&quot;font-family: 宋体;font-size: 14px&quot;&gt;&lt;span style=&quot;font-family:宋体&quot;&gt;购物中心：罗宾森购物广场&lt;/span&gt;&lt;/span&gt;&lt;/p&gt;&lt;p&gt;&lt;br/&gt;&lt;/p&gt;', '“顶峰·光辉”地处厦门市中心、火车站商圈位于厦禾路与金榜路交叉口，四通八达，交通十分便捷。厦门火车站、梧村汽车站、地铁3号线、BRT、公交站皆在附近，在这里上班，每天可多睡10-20分钟，完全没有打车难、停车难之类的麻烦。\r\n　　作为商用综合体，“顶峰·光辉”打破了传统写字楼的格局，南向遥望金榜山公园，推窗看山、看景，东向毗邻罗宾森购物广场，满足无需驱车即可就近购物、吃饭的需求。\r\n　　顶峰光辉，空间虽小，但格局灵活多变，空间利用率高。40-110㎡的多样选择，满足不同企业不同时期的发展需求，是现代商务办公的优上之选。', '31000', '4', '0', '4', '0', '9', '10', '3万/套（不含税）', '/uploads/loupan/2017-12-09/5a2bdc1234572.jpg', '厦禾路与金榜路交叉口', '1', '0', '1505404800', '1514649600', '40-110', '2', '');
INSERT INTO `loupan` VALUES ('14', '明发海湾度假村', '&lt;p&gt;&lt;span style=&quot;;font-family:宋体;font-size:14px&quot;&gt;&lt;span style=&quot;font-family:宋体&quot;&gt;均价：&lt;/span&gt;&lt;/span&gt;&lt;span style=&quot;;font-family:宋体;font-size:14px&quot;&gt;&lt;span style=&quot;font-family:宋体&quot;&gt;均价&lt;/span&gt;22000&lt;span style=&quot;font-family:宋体&quot;&gt;㎡&lt;/span&gt;&lt;/span&gt;&lt;/p&gt;&lt;p&gt;&lt;span style=&quot;;font-family:宋体;font-size:14px&quot;&gt;&lt;span style=&quot;font-family:宋体&quot;&gt;在手产品：复式：&lt;/span&gt;79&lt;span style=&quot;font-family:宋体&quot;&gt;㎡&lt;/span&gt;&lt;span style=&quot;font-family:Calibri&quot;&gt;-150&lt;/span&gt;&lt;span style=&quot;font-family:宋体&quot;&gt;㎡ 平层；&lt;/span&gt;&lt;span style=&quot;font-family:Calibri&quot;&gt;79-159m&lt;/span&gt;&lt;/span&gt;&lt;/p&gt;&lt;p&gt;&lt;span style=&quot;;font-family:宋体;font-size:14px&quot;&gt;&lt;span style=&quot;font-family:宋体&quot;&gt;所属区县&lt;/span&gt;&lt;/span&gt;&lt;span style=&quot;;font-family:宋体;font-size:14px&quot;&gt;&lt;span style=&quot;font-family:宋体&quot;&gt;：&lt;/span&gt;&lt;/span&gt;&lt;span style=&quot;;font-family:宋体;font-size:14px&quot;&gt;&lt;span style=&quot;font-family:宋体&quot;&gt;湖里区&lt;/span&gt;&lt;/span&gt;&lt;/p&gt;&lt;p&gt;&lt;span style=&quot;;font-family:宋体;font-size:14px&quot;&gt;&lt;span style=&quot;font-family:宋体&quot;&gt;楼盘名称&lt;/span&gt;&lt;/span&gt;&lt;span style=&quot;;font-family:宋体;font-size:14px&quot;&gt;&lt;span style=&quot;font-family:宋体&quot;&gt;：&lt;/span&gt;&lt;/span&gt;&lt;span style=&quot;;font-family:宋体;font-size:14px&quot;&gt;&lt;span style=&quot;font-family:宋体&quot;&gt;明发海湾度假村&lt;/span&gt;&lt;/span&gt;&lt;/p&gt;&lt;p&gt;&lt;span style=&quot;;font-family:宋体;font-size:14px&quot;&gt;&lt;span style=&quot;font-family:宋体&quot;&gt;楼盘地址&lt;/span&gt;&lt;/span&gt;&lt;span style=&quot;;font-family:宋体;font-size:14px&quot;&gt;&lt;span style=&quot;font-family:宋体&quot;&gt;：&lt;/span&gt;&lt;/span&gt;&lt;span style=&quot;;font-family:宋体;font-size:14px&quot;&gt;&lt;span style=&quot;font-family:宋体&quot;&gt;湖里区环岛东路沿海景观带以西，五缘湾桥南侧&lt;/span&gt;&lt;/span&gt;&lt;/p&gt;&lt;p&gt;&lt;span style=&quot;;font-family:宋体;font-size:14px&quot;&gt;&lt;span style=&quot;font-family:宋体&quot;&gt;销售状态&lt;/span&gt;&lt;/span&gt;&lt;span style=&quot;;font-family:宋体;font-size:14px&quot;&gt;&lt;span style=&quot;font-family:宋体&quot;&gt;：&lt;/span&gt;&lt;/span&gt;&lt;span style=&quot;;font-family:宋体;font-size:14px&quot;&gt;&lt;span style=&quot;font-family:宋体&quot;&gt;尾盘&lt;/span&gt;&lt;/span&gt;&lt;/p&gt;&lt;p&gt;&lt;span style=&quot;;font-family:宋体;font-size:14px&quot;&gt;&lt;span style=&quot;font-family:宋体&quot;&gt;开发商&lt;/span&gt;&lt;/span&gt; &lt;span style=&quot;;font-family:宋体;font-size:14px&quot;&gt;&lt;span style=&quot;font-family:宋体&quot;&gt;：&lt;/span&gt;&lt;/span&gt;&lt;span style=&quot;;font-family:宋体;font-size:14px&quot;&gt;&lt;span style=&quot;font-family:宋体&quot;&gt;厦门明发房地产开发有限公司&lt;/span&gt;&lt;/span&gt;&lt;/p&gt;&lt;p&gt;&lt;span style=&quot;;font-family:宋体;font-size:14px&quot;&gt;&lt;span style=&quot;font-family:宋体&quot;&gt;开盘&lt;/span&gt;&lt;/span&gt;&lt;span style=&quot;;font-family:Calibri;font-size:14px&quot;&gt;&lt;span style=&quot;font-family:宋体&quot;&gt;时间&lt;/span&gt;&lt;/span&gt;&lt;span style=&quot;;font-family:宋体;font-size:14px&quot;&gt;&lt;span style=&quot;font-family:宋体&quot;&gt;：&lt;/span&gt;&lt;/span&gt;&lt;span style=&quot;;font-family:宋体;font-size:14px&quot;&gt;2016&lt;span style=&quot;font-family:宋体&quot;&gt;年&lt;/span&gt;&lt;span style=&quot;font-family:Calibri&quot;&gt;07&lt;/span&gt;&lt;span style=&quot;font-family:宋体&quot;&gt;月&lt;/span&gt;&lt;span style=&quot;font-family:Calibri&quot;&gt;01&lt;/span&gt;&lt;span style=&quot;font-family:宋体&quot;&gt;日&lt;/span&gt;&lt;/span&gt;&lt;/p&gt;&lt;p&gt;&lt;span style=&quot;;font-family:宋体;font-size:14px&quot;&gt;&lt;span style=&quot;font-family:宋体&quot;&gt;入住时间&lt;/span&gt;&lt;/span&gt;&lt;span style=&quot;;font-family:宋体;font-size:14px&quot;&gt;&lt;span style=&quot;font-family:宋体&quot;&gt;：&lt;/span&gt;&lt;/span&gt;&lt;span style=&quot;;font-family:宋体;font-size:14px&quot;&gt;&amp;nbsp;2014&lt;span style=&quot;font-family:宋体&quot;&gt;年&lt;/span&gt;&lt;span style=&quot;font-family:Calibri&quot;&gt;9&lt;/span&gt;&lt;span style=&quot;font-family:宋体&quot;&gt;月交房&lt;/span&gt;&lt;/span&gt;&lt;/p&gt;&lt;p&gt;&lt;span style=&quot;;font-family:宋体;font-size:14px&quot;&gt;&lt;span style=&quot;font-family:宋体&quot;&gt;项目类型&lt;/span&gt;&lt;/span&gt;&lt;span style=&quot;;font-family:宋体;font-size:14px&quot;&gt;:&lt;/span&gt;&lt;span style=&quot;;font-family:宋体;font-size:14px&quot;&gt;&lt;span style=&quot;font-family:宋体&quot;&gt;酒店&lt;/span&gt;&lt;/span&gt;&lt;/p&gt;&lt;p&gt;&lt;span style=&quot;;font-family:宋体;font-size:14px&quot;&gt;&lt;span style=&quot;font-family:宋体&quot;&gt;建筑类型&lt;/span&gt;&lt;/span&gt;&lt;span style=&quot;;font-family:宋体;font-size:14px&quot;&gt;&lt;span style=&quot;font-family:宋体&quot;&gt;：&lt;/span&gt;&lt;/span&gt;&lt;span style=&quot;;font-family:宋体;font-size:14px&quot;&gt;&lt;span style=&quot;font-family:宋体&quot;&gt;独栋&lt;/span&gt;,&lt;span style=&quot;font-family:宋体&quot;&gt;多层&lt;/span&gt;&lt;span style=&quot;font-family:Calibri&quot;&gt;,&lt;/span&gt;&lt;span style=&quot;font-family:宋体&quot;&gt;高层 &amp;nbsp;&lt;/span&gt;&lt;/span&gt;&lt;/p&gt;&lt;p&gt;&lt;span style=&quot;;font-family:宋体;font-size:14px&quot;&gt;&lt;span style=&quot;font-family:宋体&quot;&gt;总占地面积&lt;/span&gt;&lt;/span&gt;&lt;span style=&quot;;font-family:宋体;font-size:14px&quot;&gt;&lt;span style=&quot;font-family:宋体&quot;&gt;：&lt;/span&gt;&lt;/span&gt;&lt;span style=&quot;;font-family:宋体;font-size:14px&quot;&gt;50000&lt;span style=&quot;font-family:宋体&quot;&gt;㎡&lt;/span&gt;&lt;/span&gt;&lt;/p&gt;&lt;p&gt;&lt;span style=&quot;;font-family:宋体;font-size:14px&quot;&gt;&lt;span style=&quot;font-family:宋体&quot;&gt;总建筑面积&lt;/span&gt;&lt;/span&gt;&lt;span style=&quot;;font-family:宋体;font-size:14px&quot;&gt;:&lt;/span&gt;&lt;span style=&quot;;font-family:宋体;font-size:14px&quot;&gt;161874.58 &lt;span style=&quot;font-family:宋体&quot;&gt;㎡&lt;/span&gt;&lt;/span&gt;&lt;/p&gt;&lt;p&gt;&lt;span style=&quot;;font-family:宋体;font-size:14px&quot;&gt;&lt;span style=&quot;font-family:宋体&quot;&gt;建筑单位&lt;/span&gt;&lt;/span&gt;&lt;span style=&quot;;font-family:宋体;font-size:14px&quot;&gt;:&lt;/span&gt;&lt;span style=&quot;;font-family:宋体;font-size:14px&quot;&gt;&lt;span style=&quot;font-family:宋体&quot;&gt;中铁二局第四工程有限公司&lt;/span&gt;&lt;/span&gt;&lt;/p&gt;&lt;p&gt;&lt;span style=&quot;;font-family:宋体;font-size:14px&quot;&gt;&lt;span style=&quot;font-family:宋体&quot;&gt;楼层状况&lt;/span&gt;&lt;/span&gt;&lt;span style=&quot;;font-family:宋体;font-size:14px&quot;&gt;:&lt;/span&gt;&lt;span style=&quot;;font-family:宋体;font-size:14px&quot;&gt;&amp;nbsp;3&lt;span style=&quot;font-family:宋体&quot;&gt;栋高层，&lt;/span&gt;&lt;span style=&quot;font-family:Calibri&quot;&gt;34&lt;/span&gt;&lt;span style=&quot;font-family:宋体&quot;&gt;栋多层住宅&lt;/span&gt;&lt;/span&gt;&lt;span style=&quot;;font-family:宋体;font-size:14px&quot;&gt;,&lt;/span&gt;&lt;span style=&quot;;font-family:宋体;font-size:14px&quot;&gt;&lt;span style=&quot;font-family:宋体&quot;&gt;层高&lt;/span&gt;3m&lt;/span&gt;&lt;/p&gt;&lt;p&gt;&lt;span style=&quot;;font-family:宋体;font-size:14px&quot;&gt;&lt;span style=&quot;font-family:宋体&quot;&gt;装修情况&lt;/span&gt;&lt;/span&gt;&lt;span style=&quot;;font-family:宋体;font-size:14px&quot;&gt;:&lt;/span&gt;&lt;span style=&quot;;font-family:宋体;font-size:14px&quot;&gt;&amp;nbsp;&lt;span style=&quot;font-family:宋体&quot;&gt;精装&lt;/span&gt;&lt;/span&gt;&lt;/p&gt;&lt;p&gt;&lt;span style=&quot;;font-family:宋体;font-size:14px&quot;&gt;&lt;span style=&quot;font-family:宋体&quot;&gt;公摊&lt;/span&gt;&lt;/span&gt;&lt;span style=&quot;;font-family:宋体;font-size:14px&quot;&gt;:&lt;/span&gt;&lt;span style=&quot;;font-family:宋体;font-size:14px&quot;&gt;&lt;span style=&quot;font-family:宋体&quot;&gt;公寓&lt;/span&gt;25%&lt;span style=&quot;font-family:宋体&quot;&gt;；别墅&lt;/span&gt;&lt;span style=&quot;font-family:Calibri&quot;&gt;40%&lt;/span&gt;&lt;/span&gt;&lt;/p&gt;&lt;p&gt;&lt;span style=&quot;;font-family:宋体;font-size:14px&quot;&gt;&lt;span style=&quot;font-family:宋体&quot;&gt;容积率&lt;/span&gt;&lt;/span&gt;&lt;span style=&quot;;font-family:宋体;font-size:14px&quot;&gt;:3.&lt;/span&gt;&lt;span style=&quot;;font-family:宋体;font-size:14px&quot;&gt;00 &amp;nbsp;&lt;/span&gt;&lt;/p&gt;&lt;p&gt;&lt;span style=&quot;;font-family:宋体;font-size:14px&quot;&gt;&lt;span style=&quot;font-family:宋体&quot;&gt;绿化率&lt;/span&gt;50 %&lt;/span&gt;&lt;/p&gt;&lt;p&gt;&lt;span style=&quot;;font-family:宋体;font-size:14px&quot;&gt;&lt;span style=&quot;font-family:宋体&quot;&gt;学校&lt;/span&gt;&lt;/span&gt;&lt;span style=&quot;;font-family:宋体;font-size:14px&quot;&gt;:&lt;/span&gt;&lt;span style=&quot;;font-family:宋体;font-size:14px&quot;&gt;&lt;span style=&quot;font-family:宋体&quot;&gt;五缘实验中学&lt;/span&gt;(&lt;span style=&quot;font-family:宋体&quot;&gt;初中&lt;/span&gt;&lt;span style=&quot;font-family:Calibri&quot;&gt;)&lt;/span&gt;&lt;span style=&quot;font-family:宋体&quot;&gt;、厦门二中&lt;/span&gt;&lt;span style=&quot;font-family:Calibri&quot;&gt;(&lt;/span&gt;&lt;span style=&quot;font-family:宋体&quot;&gt;初高中&lt;/span&gt;&lt;span style=&quot;font-family:Calibri&quot;&gt;)&lt;/span&gt;&lt;/span&gt;&lt;/p&gt;&lt;p&gt;&lt;span style=&quot;;font-family:宋体;font-size:14px&quot;&gt;&lt;span style=&quot;font-family:宋体&quot;&gt;医院&lt;/span&gt;&lt;/span&gt;&lt;span style=&quot;;font-family:宋体;font-size:14px&quot;&gt;:&lt;/span&gt;&lt;span style=&quot;;font-family:宋体;font-size:14px&quot;&gt;&lt;span style=&quot;font-family:宋体&quot;&gt;五缘湾医院，眼科中心&lt;/span&gt; &amp;nbsp;&amp;nbsp;&lt;/span&gt;&lt;/p&gt;&lt;p&gt;&lt;span style=&quot;;font-family:宋体;font-size:14px&quot;&gt;&lt;span style=&quot;font-family:宋体&quot;&gt;幼儿园&lt;/span&gt;&lt;/span&gt;&lt;span style=&quot;;font-family:宋体;font-size:14px&quot;&gt;:&lt;/span&gt;&lt;span style=&quot;;font-family:宋体;font-size:14px&quot;&gt;&lt;span style=&quot;font-family:宋体&quot;&gt;五缘幼儿园、五缘第一幼儿园和大地双语幼儿园&lt;/span&gt;&lt;/span&gt;&lt;/p&gt;&lt;p&gt;&lt;span style=&quot;;font-family:宋体;font-size:14px&quot;&gt;&lt;span style=&quot;font-family:宋体&quot;&gt;购物中心&lt;/span&gt;&lt;/span&gt;&lt;span style=&quot;;font-family:宋体;font-size:14px&quot;&gt;:&lt;/span&gt;&lt;span style=&quot;;font-family:宋体;font-size:14px&quot;&gt;&lt;span style=&quot;font-family:宋体&quot;&gt;湖里万达购物广场、&lt;/span&gt;TESCO&lt;span style=&quot;font-family:宋体&quot;&gt;特易购、五缘湾特色商业街、红星美凯龙、建发城市综合体、夏商综合体&lt;/span&gt;&lt;span style=&quot;font-family:Calibri&quot;&gt;(&lt;/span&gt;&lt;span style=&quot;font-family:宋体&quot;&gt;规划中&lt;/span&gt;&lt;span style=&quot;font-family:Calibri&quot;&gt;)&lt;/span&gt;&lt;span style=&quot;font-family:宋体&quot;&gt;等。&lt;/span&gt;&lt;/span&gt;&lt;/p&gt;&lt;p&gt;&lt;span style=&quot;;font-family:宋体;font-size:14px&quot;&gt;&lt;span style=&quot;font-family:宋体&quot;&gt;小区配套&lt;/span&gt;&lt;/span&gt;&lt;span style=&quot;;font-family:宋体;font-size:14px&quot;&gt;:&lt;/span&gt;&lt;span style=&quot;;font-family:宋体;font-size:14px&quot;&gt;&lt;span style=&quot;font-family:宋体&quot;&gt;五星级酒店、游泳馆、健身房&lt;/span&gt;&lt;/span&gt;&lt;/p&gt;&lt;p&gt;&lt;span style=&quot;;font-family:宋体;font-size:14px&quot;&gt;&lt;span style=&quot;font-family:宋体&quot;&gt;自然景观&lt;/span&gt;&lt;/span&gt;&lt;span style=&quot;;font-family:宋体;font-size:14px&quot;&gt;:&lt;/span&gt;&lt;span style=&quot;;font-family:宋体;font-size:14px&quot;&gt;&amp;nbsp;&lt;span style=&quot;font-family:宋体&quot;&gt;国家级游艇码头、帆船俱乐部、环湾木栈道、&lt;/span&gt;8250&lt;span style=&quot;font-family:宋体&quot;&gt;米绿色慢行通道、五缘湾湿地公园、五通灯塔公园、五缘湾音乐岛、五缘湾水上运动岛、五缘湾运动馆、观音山梦幻水世界等&lt;/span&gt;&lt;/span&gt;&lt;/p&gt;&lt;p&gt;&lt;span style=&quot;;font-family:宋体;font-size:14px&quot;&gt;&lt;span style=&quot;font-family:宋体&quot;&gt;公交&lt;/span&gt;&lt;/span&gt;&lt;span style=&quot;;font-family:宋体;font-size:14px&quot;&gt;:&lt;/span&gt;&lt;span style=&quot;;font-family:宋体;font-size:14px&quot;&gt;&lt;span style=&quot;font-family:宋体&quot;&gt;公交&lt;/span&gt;6&lt;span style=&quot;font-family:宋体&quot;&gt;、&lt;/span&gt;&lt;span style=&quot;font-family:Calibri&quot;&gt;82&lt;/span&gt;&lt;span style=&quot;font-family:宋体&quot;&gt;路至五缘湾公交场站。&lt;/span&gt;&lt;/span&gt;&lt;/p&gt;&lt;p&gt;&lt;span style=&quot;;font-family:宋体;font-size:14px&quot;&gt;&lt;span style=&quot;font-family:宋体&quot;&gt;自驾&lt;/span&gt;&lt;/span&gt;&lt;span style=&quot;;font-family:宋体;font-size:14px&quot;&gt;:&lt;/span&gt;&lt;span style=&quot;;font-family:宋体;font-size:14px&quot;&gt;&amp;nbsp;&lt;span style=&quot;font-family:宋体&quot;&gt;位于厦门市五缘湾片区，环岛东路沿海景观带以西，五缘湾桥南侧，观海第一排。&lt;/span&gt;&lt;/span&gt;&lt;/p&gt;&lt;p&gt;&lt;span style=&quot;;font-family:宋体;font-size:14px&quot;&gt;&lt;span style=&quot;font-family:宋体&quot;&gt;明发海湾度假村&lt;/span&gt; &lt;/span&gt;&lt;/p&gt;&lt;p&gt;&lt;span style=&quot;;font-family:宋体;font-size:14px&quot;&gt;&lt;span style=&quot;font-family:宋体&quot;&gt;物业状态&lt;/span&gt;&lt;/span&gt;&lt;span style=&quot;;font-family:宋体;font-size:14px&quot;&gt;:&lt;/span&gt;&lt;span style=&quot;;font-family:宋体;font-size:14px&quot;&gt;&lt;span style=&quot;font-family:宋体&quot;&gt;现房&lt;/span&gt;&lt;/span&gt;&lt;/p&gt;&lt;p&gt;&lt;span style=&quot;;font-family:宋体;font-size:14px&quot;&gt;&lt;span style=&quot;font-family:宋体&quot;&gt;物业公司&lt;/span&gt;&lt;/span&gt;&lt;span style=&quot;;font-family:宋体;font-size:14px&quot;&gt;:&lt;/span&gt;&lt;span style=&quot;;font-family:宋体;font-size:14px&quot;&gt;&amp;nbsp;&lt;span style=&quot;font-family:宋体&quot;&gt;明胜物业管理有限公司&lt;/span&gt;&lt;/span&gt; &lt;/p&gt;&lt;p&gt;&lt;span style=&quot;;font-family:宋体;font-size:14px&quot;&gt;&lt;span style=&quot;font-family:宋体&quot;&gt;物业费&lt;/span&gt;&lt;/span&gt;&lt;span style=&quot;;font-family:宋体;font-size:14px&quot;&gt;:&lt;/span&gt;&lt;span style=&quot;;font-family:宋体;font-size:14px&quot;&gt;&amp;nbsp;3.3&lt;span style=&quot;font-family:宋体&quot;&gt;元&lt;/span&gt;&lt;span style=&quot;font-family:Calibri&quot;&gt;/&lt;/span&gt;&lt;span style=&quot;font-family:宋体&quot;&gt;㎡·月&lt;/span&gt;&lt;/span&gt; &lt;/p&gt;&lt;p&gt;&lt;br/&gt;&lt;/p&gt;', '厦门明发海湾度假村位于福建省厦门市湖里区沿海景观带五缘湾桥南侧，环湾路以西，距厦门国际机场行车不超过五分钟，靠近厦门国际会议展览中心、厦门剧院、厦门观音山国际商务运营中心及香山国际游艇码头。本度假村计划建成一座五星级酒店30幢配有会议、住宿、休闲及娱乐设施的联排别墅单位，大部份酒店房间均拥有全海景，将成为厦门地标发展项目之一。', '22000', '4', '3', '2', '4', '9', '11', ' 2.5%', '/uploads/loupan/2017-12-09/5a2bdd5d6b79f.jpg', '湖里区环岛东路沿海景观带以西，五缘湾桥南侧', '1', '0', '1418054400', '1481212800', '79㎡-150㎡ ', '2', '');
INSERT INTO `loupan` VALUES ('15', '兰溪谷', '&lt;p&gt;&lt;strong&gt;命中率&lt;/strong&gt;：50%&lt;br/&gt;&lt;/p&gt;&lt;p&gt;的首付ID首付多少佛挡杀佛的&lt;/p&gt;', '杜甫能动克劳福德考虑到时空裂缝角度看来份经典开始了交房地块练三房的世联', '3万', '2', '4', '4', '2', '18', '19', '3万', '/uploads/loupan/2017-12-09/5a2bec2859765.jpg', '漳州开发区', '1', '0', '-28800', '-28800', '47-68', '2', '楼盘魅力;最美江南;看美女');
INSERT INTO `loupan` VALUES ('16', '这是漳州楼盘', '&lt;p&gt;这个测试楼盘这个测试楼盘这个测试楼盘这个测试楼盘这个测试楼盘这个测试楼盘这个测试楼盘这个测试楼盘这个测试楼盘这个测试楼盘这个测试楼盘这个测试楼盘这个测试楼盘这个测试楼盘这个测试楼盘&lt;/p&gt;', '这个测试楼盘这个测试楼盘这个测试楼盘这个测试楼盘这个测试楼盘这个测试楼盘这个测试楼盘这个测试楼盘这个测试楼盘', '50000', '4', '4', '4', '3', '9', '10', '1万', '/uploads/loupan/2017-12-10/5a2d4f4bbf208.jpg', '厦门湖里塘边130号', '1', '0', '1513094400', '1512921600', '30-40', '2', '地铁旁；;皇宫旁；;五年后一平50万；');
INSERT INTO `loupan` VALUES ('17', '金都•海尚国际', '&lt;p style=&quot;text-align:justify;text-justify:inter-ideograph&quot;&gt;&lt;span style=&quot;font-family: 微软雅黑;color: rgb(82, 82, 82);font-size: 16px&quot;&gt;&lt;span style=&quot;font-family:微软雅黑&quot;&gt;项目亮点：生态宜居、水景地产、户型多样&lt;/span&gt; &lt;span style=&quot;font-family:微软雅黑&quot;&gt;交通便利&lt;/span&gt;&lt;/span&gt;&lt;/p&gt;&lt;p style=&quot;text-align:justify;text-justify:inter-ideograph&quot;&gt;&lt;span style=&quot;font-family: 微软雅黑;color: rgb(82, 82, 82);font-size: 16px&quot;&gt;&lt;span style=&quot;font-family:微软雅黑&quot;&gt;在售户型：&lt;/span&gt;&lt;/span&gt;&lt;span style=&quot;font-family: 微软雅黑;color: rgb(82, 82, 82);font-size: 16px&quot;&gt;&lt;span style=&quot;font-family:微软雅黑&quot;&gt;住宅：小户型：&lt;/span&gt;120-130㎡大户型：195-268㎡&lt;/span&gt;&lt;/p&gt;&lt;p&gt;&lt;span style=&quot;font-family: 微软雅黑;color: rgb(82, 82, 82);font-size: 16px&quot;&gt;&lt;span style=&quot;font-family:微软雅黑&quot;&gt;产品均价&lt;/span&gt;:36000元/㎡&lt;/span&gt;&lt;/p&gt;&lt;p&gt;&lt;span style=&quot;font-family: 微软雅黑;color: rgb(82, 82, 82);font-size: 16px&quot;&gt;&lt;span style=&quot;font-family:微软雅黑&quot;&gt;所属区县：同安&lt;/span&gt;&lt;/span&gt;&lt;/p&gt;&lt;p&gt;&lt;span style=&quot;font-family: 微软雅黑;color: rgb(82, 82, 82);font-size: 16px&quot;&gt;&lt;span style=&quot;font-family:微软雅黑&quot;&gt;所属商圈：环东海域&lt;/span&gt;&lt;/span&gt;&lt;/p&gt;&lt;p&gt;&lt;span style=&quot;font-family: 微软雅黑;color: rgb(82, 82, 82);font-size: 16px&quot;&gt;&lt;span style=&quot;font-family:微软雅黑&quot;&gt;装修状况：毛坯&lt;/span&gt;&lt;/span&gt;&lt;/p&gt;&lt;p&gt;&lt;span style=&quot;font-family: 微软雅黑;color: rgb(82, 82, 82);font-size: 16px&quot;&gt;&lt;span style=&quot;font-family:微软雅黑&quot;&gt;楼盘地址&lt;/span&gt;:同安环东海域滨海西大道BRT蔡店站东侧&lt;/span&gt;&lt;/p&gt;&lt;p&gt;&lt;span style=&quot;font-family: 微软雅黑;color: rgb(82, 82, 82);font-size: 16px&quot;&gt;&lt;span style=&quot;font-family:微软雅黑&quot;&gt;销售状态&lt;/span&gt;:在售&lt;/span&gt;&lt;/p&gt;&lt;p&gt;&lt;span style=&quot;font-family: 微软雅黑;color: rgb(82, 82, 82);font-size: 16px&quot;&gt;&lt;span style=&quot;font-family:微软雅黑&quot;&gt;开发商&lt;/span&gt;:厦门金都海湾置业有限公司&lt;/span&gt;&lt;/p&gt;&lt;p&gt;&lt;span style=&quot;font-family: 微软雅黑;color: rgb(82, 82, 82);font-size: 16px&quot;&gt;&lt;span style=&quot;font-family:微软雅黑&quot;&gt;开盘时间&lt;/span&gt;:2016年3月20日&lt;/span&gt;&lt;/p&gt;&lt;p&gt;&lt;span style=&quot;font-family: 微软雅黑;color: rgb(82, 82, 82);font-size: 16px&quot;&gt;&lt;span style=&quot;font-family:微软雅黑&quot;&gt;入住时间：&lt;/span&gt;2017年6月5#楼C梯&lt;/span&gt;&lt;/p&gt;&lt;p&gt;&lt;span style=&quot;font-family: 微软雅黑;color: rgb(82, 82, 82);font-size: 16px&quot;&gt;&lt;span style=&quot;font-family:微软雅黑&quot;&gt;售楼地址&lt;/span&gt;:厦门环东海域滨海西大道BRT蔡店站东侧&lt;/span&gt;&lt;/p&gt;&lt;p&gt;&lt;span style=&quot;font-family: 微软雅黑;color: rgb(82, 82, 82);font-size: 16px&quot;&gt;&lt;span style=&quot;font-family:微软雅黑&quot;&gt;产权年限&lt;/span&gt;:住宅70年&lt;/span&gt;&lt;/p&gt;&lt;p&gt;&lt;span style=&quot;font-family: 微软雅黑;color: rgb(82, 82, 82);font-size: 16px&quot;&gt;&lt;span style=&quot;font-family:微软雅黑&quot;&gt;建筑面积&lt;/span&gt;:500000平米&lt;/span&gt;&lt;/p&gt;&lt;p&gt;&lt;span style=&quot;font-family: 微软雅黑;color: rgb(82, 82, 82);font-size: 16px&quot;&gt;&lt;span style=&quot;font-family:微软雅黑&quot;&gt;占地面积&lt;/span&gt;:80000平米&lt;/span&gt;&lt;/p&gt;&lt;p&gt;&lt;span style=&quot;font-family: 微软雅黑;color: rgb(82, 82, 82);font-size: 16px&quot;&gt;&lt;span style=&quot;font-family:微软雅黑&quot;&gt;建筑类别&lt;/span&gt;:板楼、高层&lt;/span&gt;&lt;/p&gt;&lt;p style=&quot;text-align: justify;&quot;&gt;&lt;br/&gt;&lt;/p&gt;', '金都·海尚国际坐落于环东海域，项目总建筑面积近50万㎡，8幢120-150米超高层建筑犹如千帆并举在海岸线上依次排开，横向流线线条及曲线处理，使建筑立面与城市天际线融为一体。社区门前即是沙滩与海，尽享亲海生活。现善海楼83-232㎡新品推出，灵动户型，多样选择。选湾海品质住宅，就在金都·海尚国际！', '36000元', '6', '4', '4', '2', '9', '16', '0.6%', '/uploads/loupan/2017-12-13/5a311e3b91864.jpg', '同安环东海域滨海西大道BRT蔡店站东侧', '1', '0', '1458403200', '1497110400', '120-268', '2', '生态宜居;水景地产;户型多样;交通便利');

-- ----------------------------
-- Table structure for report
-- ----------------------------
DROP TABLE IF EXISTS `report`;
CREATE TABLE `report` (
  `id` int(11) NOT NULL AUTO_INCREMENT,
  `user_id` int(11) DEFAULT NULL,
  `loupan_id` int(11) DEFAULT NULL,
  `nick_name` varchar(30) DEFAULT NULL,
  `phone` varchar(15) DEFAULT NULL,
  `sex` tinyint(1) DEFAULT NULL COMMENT '1女2男',
  `node` varchar(255) DEFAULT NULL,
  `zhiye` tinyint(1) DEFAULT NULL COMMENT '1投资，2自住，3投资兼自住',
  `huxing` tinyint(1) DEFAULT NULL COMMENT '1一房，2二房，3三方，4四房，5房',
  `status` tinyint(1) DEFAULT '1' COMMENT '1跟进，2成交，3失效',
  `created_at` int(11) DEFAULT NULL,
  PRIMARY KEY (`id`)
) ENGINE=InnoDB AUTO_INCREMENT=35 DEFAULT CHARSET=utf8 COMMENT='客户报备';

-- ----------------------------
-- Records of report
-- ----------------------------
INSERT INTO `report` VALUES ('1', '1', '2', '陈志远', '15060880529', '1', '注意', '1', '1', '3', '1515241452');
INSERT INTO `report` VALUES ('2', '1', '2', '王东亮', '15060880529', '1', '啊哈', '1', '1', '2', '1515241452');
INSERT INTO `report` VALUES ('5', '7', '6', '陈志远', '15060880526', '1', '\n    对对对', '2', '3', '1', null);
INSERT INTO `report` VALUES ('6', '8', '10', '', '', null, '\n    ', '1', '1', '1', null);
INSERT INTO `report` VALUES ('7', '7', '14', '15860206432', '15860206432', '0', '\n    ', '3', '1', '3', null);
INSERT INTO `report` VALUES ('10', '7', '14', '周杰伦', '13110933195', '0', '\n    ', '1', '1', '1', null);
INSERT INTO `report` VALUES ('11', null, null, null, null, null, null, null, null, '1', '1512898400');
INSERT INTO `report` VALUES ('12', '10', '16', '黄凯平', '15860206431', null, '\n    ', '0', '0', '1', null);
INSERT INTO `report` VALUES ('13', '10', '16', '黄', '157', '0', '例：价格300-333万之间，置业目的：投资房地产，区域：思明区嘉禾路，需求点：学区房等\n    ', '0', '0', '1', null);
INSERT INTO `report` VALUES ('14', '9', '9', '黄一号', '188888588', '0', '这个人要买三个房子', '2', '2', '3', null);
INSERT INTO `report` VALUES ('15', '9', '14', '赖县委', '6476687', '0', '这个人要买花尔顿', '1', '3', '1', null);
INSERT INTO `report` VALUES ('16', '9', '14', '黄凯平', '25386863', '0', '这个人要买富尔顿的房子', '0', '0', '1', null);
INSERT INTO `report` VALUES ('17', '8', '16', '555', '1231456', '0', '', '0', '0', '1', null);
INSERT INTO `report` VALUES ('18', '10', '17', '15860206432', '15860206432', null, '例：价格300-333万之间，置业目的：投资房地产，区域：思明区嘉禾路，需求点：学区房等\n    ', '0', '0', '1', null);
INSERT INTO `report` VALUES ('19', '10', '17', '15860206432', '15860206431', null, '例：价格300-333万之间，置业目的：投资房地产，区域：思明区嘉禾路，需求点：学区房等\n    ', '0', '0', '1', null);
INSERT INTO `report` VALUES ('20', '10', '17', '15860206432', '15860206431', null, '例：价格300-333万之间，置业目的：投资房地产，区域：思明区嘉禾路，需求点：学区房等\n    ', '0', '0', '1', null);
INSERT INTO `report` VALUES ('21', '10', '17', '黄', '15860206432', null, '例：价格300-333万之间，置业目的：投资房地产，区域：思明区嘉禾路，需求点：学区房等\n    ', '0', '0', '1', null);
INSERT INTO `report` VALUES ('22', '10', '17', '瓜子', '15860206432', null, '例：价格300-333万之间，置业目的：投资房地产，区域：思明区嘉禾路，需求点：学区房等\n    ', '0', '0', '1', null);
INSERT INTO `report` VALUES ('23', '10', '17', '很好看', '15860206433', null, '例：价格300-333万之间，置业目的：投资房地产，区域：思明区嘉禾路，需求点：学区房等\n    ', '0', '0', '3', null);
INSERT INTO `report` VALUES ('24', '10', '17', '黄', '15860206433', null, '例：价格300-333万之间，置业目的：投资房地产，区域：思明区嘉禾路，需求点：学区房等\n    ', '0', '0', '3', null);
INSERT INTO `report` VALUES ('25', '10', '17', '刮', '15860206433', null, '例：价格300-333万之间，置业目的：投资房地产，区域：思明区嘉禾路，需求点：学区房等\n    ', '0', '0', '1', null);
INSERT INTO `report` VALUES ('27', '10', '17', '观', '110', '0', '例：价格300-333万之间，置业目的：投资房地产，区域：思明区嘉禾路，需求点：学区房等\n    ', '3', '3', '1', null);
INSERT INTO `report` VALUES ('28', '8', '16', '没', '18030188677', '1', '啦啦啦', '1', '3', '1', null);
INSERT INTO `report` VALUES ('29', '8', '16', '控制', '1236', '0', '啊考虑', '1', '3', '1', null);
INSERT INTO `report` VALUES ('30', '8', '16', '窟窿', '次', '0', '退了吧', '1', '3', '1', null);
INSERT INTO `report` VALUES ('31', '8', '15', '咯了', '哦哦哦', '0', '肉夹馍', '1', '3', '1', null);
INSERT INTO `report` VALUES ('32', '8', '16', '肯', '啦啦啦', '0', '科莫', '2', '3', '1', null);
INSERT INTO `report` VALUES ('33', '8', '14', '咯莫', '童年', '0', '咯莫', '3', '3', '1', null);
INSERT INTO `report` VALUES ('34', '8', '16', '啃老', '弄', '0', '咯的', '2', '3', '1', null);

-- ----------------------------
-- Table structure for types
-- ----------------------------
DROP TABLE IF EXISTS `types`;
CREATE TABLE `types` (
  `id` int(11) NOT NULL AUTO_INCREMENT,
  `type_name` varchar(30) DEFAULT NULL,
  `is_del` tinyint(1) DEFAULT '0',
  `sort` int(1) DEFAULT '0',
  PRIMARY KEY (`id`)
) ENGINE=InnoDB AUTO_INCREMENT=8 DEFAULT CHARSET=utf8 COMMENT='类型表';

-- ----------------------------
-- Records of types
-- ----------------------------
INSERT INTO `types` VALUES ('1', '一句', '1', '1');
INSERT INTO `types` VALUES ('2', '住宅', '0', '1');
INSERT INTO `types` VALUES ('3', '别墅', '0', '2');
INSERT INTO `types` VALUES ('4', '商办', '0', '3');
INSERT INTO `types` VALUES ('5', '写字楼', '0', '4');
INSERT INTO `types` VALUES ('6', '商铺', '0', '5');
INSERT INTO `types` VALUES ('7', '公寓', '0', '0');

-- ----------------------------
-- Table structure for users
-- ----------------------------
DROP TABLE IF EXISTS `users`;
CREATE TABLE `users` (
  `id` int(11) NOT NULL AUTO_INCREMENT COMMENT 'id',
  `pid` int(11) DEFAULT '0' COMMENT '父级ID',
  `phone` varchar(15) DEFAULT NULL COMMENT '手机号',
  `balance` int(11) DEFAULT '0' COMMENT '余额',
  `blank` varchar(255) DEFAULT NULL COMMENT '银行卡',
  `user_name` varchar(255) DEFAULT NULL COMMENT '用户名',
  `pic` varchar(255) DEFAULT NULL COMMENT '头像',
  `amount` int(11) DEFAULT NULL COMMENT '累计佣金',
  `password` varchar(255) DEFAULT NULL COMMENT '密码密码',
  `random` varchar(6) DEFAULT NULL COMMENT '随机数',
  `wechat` varchar(80) DEFAULT NULL COMMENT '客户微信号',
  `openid` varchar(255) DEFAULT NULL,
  `unionid` varchar(255) DEFAULT NULL,
  `status` tinyint(1) DEFAULT '0' COMMENT '0正常1锁定',
  `is_del` tinyint(1) DEFAULT '0' COMMENT '记录状态',
  `created_at` int(11) DEFAULT NULL COMMENT '注册时间',
  PRIMARY KEY (`id`)
) ENGINE=InnoDB AUTO_INCREMENT=15 DEFAULT CHARSET=utf8 COMMENT='客户信息表';

-- ----------------------------
-- Records of users
-- ----------------------------
INSERT INTO `users` VALUES ('1', '0', '15060880529', '102', null, '陈志远', '/uploads/loupan/2017-12-03/5a23aeb0c2fc6.png', '1000', '75de16af9d66258355eaedb16fbf3a0f', '174524', null, null, null, '0', '0', null);
INSERT INTO `users` VALUES ('7', '0', '15060880528', '0', null, '陈志远', null, null, '6ec750dcda3ba03089643f3250670153', null, null, null, null, '0', '0', null);
INSERT INTO `users` VALUES ('8', '0', '13110933195', '0', null, null, null, null, '6036c04cb363750e24f02b5e45396bce', null, null, null, null, '0', '0', null);
INSERT INTO `users` VALUES ('9', '0', '15396210850', '0', null, null, null, null, '3fa3057d290e145d68c9686169f425a3', null, null, null, null, '0', '1', null);
INSERT INTO `users` VALUES ('10', '0', '15860206432', '0', null, null, null, null, 'c6c7d098fbbeb03b155904041e9cdeed', null, null, null, null, '0', '0', null);
INSERT INTO `users` VALUES ('11', '0', '15860204432', '0', null, null, null, null, 'c6c7d098fbbeb03b155904041e9cdeed', null, null, null, null, '0', '0', null);
INSERT INTO `users` VALUES ('12', '0', '15760206432', '0', null, null, null, null, '14e1b600b1fd579f47433b88e8d85291', null, null, null, null, '0', '0', null);
INSERT INTO `users` VALUES ('13', '0', '13960501697', '0', null, null, null, null, 'af9e55b83b4793da9327d340c2b0324a', null, null, null, null, '0', '0', null);
INSERT INTO `users` VALUES ('14', '0', '18065705535', '0', null, '林军', null, null, '14e1b600b1fd579f47433b88e8d85291', null, null, null, null, '0', '0', null);

-- ----------------------------
-- Table structure for withdrawals
-- ----------------------------
DROP TABLE IF EXISTS `withdrawals`;
CREATE TABLE `withdrawals` (
  `id` int(11) NOT NULL AUTO_INCREMENT,
  `user_id` int(11) NOT NULL COMMENT '会员ID',
  `amount` decimal(7,2) NOT NULL COMMENT '申请金额',
  `address` varchar(255) DEFAULT NULL COMMENT '开户地址',
  `cards` varchar(255) DEFAULT NULL COMMENT '一行卡',
  `name` varchar(64) DEFAULT NULL COMMENT '名字',
  `node` varchar(255) NOT NULL COMMENT '备注',
  `time` int(11) DEFAULT NULL COMMENT '申请时间',
  `status` tinyint(4) DEFAULT '1' COMMENT '处理状态（1未处理2已处理）',
  `phone` varchar(15) DEFAULT NULL,
  PRIMARY KEY (`id`)
) ENGINE=InnoDB AUTO_INCREMENT=12 DEFAULT CHARSET=utf8 COMMENT='提现申请表';

-- ----------------------------
-- Records of withdrawals
-- ----------------------------

-- ----------------------------
-- Table structure for zhuli
-- ----------------------------
DROP TABLE IF EXISTS `zhuli`;
CREATE TABLE `zhuli` (
  `id` int(11) NOT NULL AUTO_INCREMENT,
  `loupan_id` int(11) DEFAULT NULL,
  `zhuli_name` varchar(30) DEFAULT NULL,
  `pic` varchar(255) DEFAULT NULL,
  `url` varchar(255) DEFAULT NULL,
  `type` tinyint(1) DEFAULT '1' COMMENT '1为轮播2为户型',
  PRIMARY KEY (`id`)
) ENGINE=InnoDB AUTO_INCREMENT=47 DEFAULT CHARSET=utf8 COMMENT='主力户型';

-- ----------------------------
-- Records of zhuli
-- ----------------------------
INSERT INTO `zhuli` VALUES ('1', null, null, '/uploads/loupan/2017-12-12/5a2fd37fdd05f.jpg', null, '1');
INSERT INTO `zhuli` VALUES ('2', null, null, '/uploads/loupan/2017-12-12/5a2fd472b23eb.jpg', null, '1');
INSERT INTO `zhuli` VALUES ('3', null, null, '/uploads/loupan/2017-12-12/5a2fd4a16b071.jpeg', null, '1');
INSERT INTO `zhuli` VALUES ('4', null, null, '/uploads/loupan/2017-12-12/5a2fd4bcbff28.jpg', null, '1');
INSERT INTO `zhuli` VALUES ('5', null, null, '/uploads/loupan/2017-12-12/5a2fd73fe082a.jpg', null, '1');
INSERT INTO `zhuli` VALUES ('7', '0', null, '/uploads/loupan/2017-12-12/5a2fd972eedd3.jpg', null, '1');
INSERT INTO `zhuli` VALUES ('8', '0', null, '/uploads/loupan/2017-12-12/5a2fd991ea782.jpg', null, '1');
INSERT INTO `zhuli` VALUES ('9', '0', null, '/uploads/loupan/2017-12-12/5a2fd9d2bc245.jpg', null, '1');
INSERT INTO `zhuli` VALUES ('15', '11', null, '/uploads/loupan/2017-12-12/5a2fed43ea1e6.jpg', null, '1');
INSERT INTO `zhuli` VALUES ('16', '11', null, '/uploads/loupan/2017-12-12/5a2fed580b1c0.jpg', null, '1');
INSERT INTO `zhuli` VALUES ('17', '11', null, '/uploads/loupan/2017-12-12/5a2fed6163f29.jpg', null, '1');
INSERT INTO `zhuli` VALUES ('18', '11', null, '/uploads/loupan/2017-12-12/5a2fed6b7b05e.jpg', null, '1');
INSERT INTO `zhuli` VALUES ('19', '11', null, '/uploads/loupan/2017-12-12/5a2fed77b2e3d.jpg', null, '1');
INSERT INTO `zhuli` VALUES ('20', '11', null, '/uploads/loupan/2017-12-12/5a2fed8544153.jpg', null, '1');
INSERT INTO `zhuli` VALUES ('21', '11', null, '/uploads/loupan/2017-12-12/5a2fed931d2e0.jpg', null, '2');
INSERT INTO `zhuli` VALUES ('22', '11', null, '/uploads/loupan/2017-12-12/5a2fed9c42a5d.jpg', null, '2');
INSERT INTO `zhuli` VALUES ('23', '11', null, '/uploads/loupan/2017-12-12/5a2feda964ec9.jpg', null, '2');
INSERT INTO `zhuli` VALUES ('32', '17', null, '/uploads/loupan/2017-12-13/5a312037c72f8.jpg', null, '1');
INSERT INTO `zhuli` VALUES ('33', '17', null, '/uploads/loupan/2017-12-13/5a31203d1b31a.jpg', null, '1');
INSERT INTO `zhuli` VALUES ('34', '17', null, '/uploads/loupan/2017-12-13/5a312042c7501.jpg', null, '1');
INSERT INTO `zhuli` VALUES ('35', '17', null, '/uploads/loupan/2017-12-13/5a312047badc9.jpg', null, '1');
INSERT INTO `zhuli` VALUES ('36', '17', null, '/uploads/loupan/2017-12-13/5a31204f3eab2.jpg', null, '1');
INSERT INTO `zhuli` VALUES ('37', '17', null, '/uploads/loupan/2017-12-13/5a3120565dd87.jpg', null, '1');
INSERT INTO `zhuli` VALUES ('38', '17', null, '/uploads/loupan/2017-12-13/5a31205c1347c.jpg', null, '1');
INSERT INTO `zhuli` VALUES ('39', '17', null, '/uploads/loupan/2017-12-13/5a312062c39cf.jpg', null, '1');
INSERT INTO `zhuli` VALUES ('40', '17', null, '/uploads/loupan/2017-12-13/5a31206f84dfe.jpg', null, '2');
INSERT INTO `zhuli` VALUES ('41', '17', null, '/uploads/loupan/2017-12-13/5a31207451649.jpg', null, '2');
INSERT INTO `zhuli` VALUES ('42', '17', null, '/uploads/loupan/2017-12-13/5a31207a408c2.jpg', null, '2');
INSERT INTO `zhuli` VALUES ('43', '17', null, '/uploads/loupan/2017-12-13/5a31208338990.jpg', null, '2');
INSERT INTO `zhuli` VALUES ('44', '17', null, '/uploads/loupan/2017-12-13/5a31208b768f3.jpg', null, '2');
INSERT INTO `zhuli` VALUES ('45', '17', null, '/uploads/loupan/2017-12-13/5a3120948ddd1.jpg', null, '2');
INSERT INTO `zhuli` VALUES ('46', '17', null, '/uploads/loupan/2017-12-13/5a312099e9155.jpg', null, '2');

-- ----------------------------
-- Table structure for zxiu
-- ----------------------------
DROP TABLE IF EXISTS `zxiu`;
CREATE TABLE `zxiu` (
  `id` int(11) NOT NULL AUTO_INCREMENT,
  `zxiu_name` varchar(30) DEFAULT NULL,
  `is_del` tinyint(1) DEFAULT '0',
  `sort` int(1) DEFAULT '0',
  PRIMARY KEY (`id`)
) ENGINE=InnoDB AUTO_INCREMENT=5 DEFAULT CHARSET=utf8 COMMENT='装修表';

-- ----------------------------
-- Records of zxiu
-- ----------------------------
INSERT INTO `zxiu` VALUES ('1', '精装修1', '1', '32');
INSERT INTO `zxiu` VALUES ('2', '精装', '0', '1');
INSERT INTO `zxiu` VALUES ('3', '简装', '0', '2');
INSERT INTO `zxiu` VALUES ('4', '毛坯', '0', '3');
